"Defendant.Id","Republican.Judge","Severity.Of.Crime","Months.In.Jail","Recidivates"
1,1,3,0,0
2,1,2,16.7,0
3,1,3,0,0
4,1,3,57.2,0
5,0,3,45.8,0
6,0,3,41.8,0
7,0,2,12.2,0
8,1,3,54.8,1
9,1,3,0,0
10,0,2,7.7,0
11,0,2,14.1,0
12,0,2,0,0
13,0,2,11.5,0
14,0,2,13,0
15,1,3,49.2,0
16,0,1,4.5,0
17,0,1,0,0
18,1,1,1.5,0
19,1,2,19.2,1
20,1,1,0,0
21,0,2,14.8,0
22,1,2,26.8,0
23,1,2,14.5,0
24,1,3,56.3,1
25,0,1,0.6,1
26,1,3,41,1
27,1,3,0,0
28,0,2,11.2,0
29,0,3,43.3,1
30,1,3,40.9,0
31,0,3,45.5,0
32,0,1,3.5,0
33,0,3,0,0
34,1,3,45.8,1
35,0,2,11.4,0
36,0,1,4.7,0
37,1,1,5.6,0
38,1,1,0.1,0
39,1,1,2.6,0
40,1,2,34.2,1
41,0,3,44.8,0
42,1,1,0,0
43,1,1,0.5,1
44,0,1,0,0
45,0,3,49.3,0
46,0,3,0,0
47,1,2,0,0
48,0,2,8.1,0
49,1,1,3.1,0
50,0,3,55,1
51,1,1,4.2,0
52,1,1,4.7,0
53,1,1,2.7,1
54,0,2,8.2,0
55,0,1,1.8,1
56,1,1,4.7,0
57,0,1,4.6,0
58,0,2,15.5,0
59,1,2,19.8,0
60,1,3,45.7,0
61,1,3,38.3,1
62,0,1,0,0
63,1,2,25.3,1
64,0,3,56.2,1
65,0,2,0,0
66,1,3,51.8,1
67,0,1,1.8,0
68,1,2,21.2,1
69,0,2,9,0
70,1,2,0,0
71,1,2,18.6,1
72,1,3,0,0
73,1,1,2.7,0
74,0,1,2.9,1
75,1,1,0,0
76,0,3,0,1
77,0,3,42.7,1
78,0,3,59.8,1
79,0,2,6.1,0
80,1,1,3.3,0
81,0,2,0,0
82,1,3,51.3,0
83,1,2,0,0
84,0,3,57.9,0
85,1,1,3,0
86,0,2,11.3,0
87,0,2,10.9,0
88,0,3,0,1
89,1,2,22.9,1
90,1,1,0,0
91,1,2,15.7,0
92,0,3,0,0
93,1,2,21.9,1
94,1,2,13.4,0
95,0,1,5.1,0
96,0,3,39.8,1
97,1,2,0,0
98,0,2,14.8,0
99,0,3,58.1,1
100,1,3,0,1
101,0,1,0,1
102,0,3,40.5,0
103,1,1,0,0
104,1,3,47,0
105,1,3,52.4,1
106,0,1,1.7,0
107,0,1,0.9,0
108,0,3,0,1
109,0,3,43.4,0
110,1,2,27.1,1
111,0,3,57.5,0
112,1,3,37.8,1
113,1,3,48.5,1
114,1,2,27.4,1
115,1,1,0,0
116,0,2,11.9,0
117,1,3,52.8,0
118,0,3,43,0
119,1,2,33,1
120,1,2,25.1,1
121,0,2,10.9,1
122,0,1,0,0
123,1,3,59,0
124,1,3,44.3,0
125,0,2,0,0
126,0,1,4,0
127,0,3,0,0
128,1,3,0,0
129,0,1,3.3,0
130,0,3,58.9,1
131,1,3,39.9,0
132,1,1,0,0
133,0,2,8.5,0
134,1,2,18.3,1
135,0,2,10,0
136,0,3,51.9,0
137,1,3,44.5,0
138,1,1,0,0
139,0,2,12.1,0
140,0,2,0,0
141,1,3,40.9,1
142,0,2,14.1,1
143,1,3,57.3,0
144,0,1,1.2,0
145,0,1,2.8,0
146,0,2,14.1,1
147,1,3,0,1
148,1,2,13.3,0
149,1,3,46.8,1
150,1,1,0,1
151,0,2,17.9,1
152,0,2,7.1,0
153,0,1,5.2,0
154,1,1,5.2,0
155,0,3,45.9,1
156,1,1,0,0
157,0,1,5.2,1
158,0,3,36.4,0
159,0,2,13.1,0
160,1,1,5.4,1
161,0,3,36.9,1
162,0,3,37,0
163,0,1,0,0
164,0,2,13.6,0
165,0,2,15.4,0
166,1,1,0,0
167,0,1,0.7,0
168,0,3,36.2,1
169,0,2,0,0
170,0,3,54.3,1
171,1,1,1.7,1
172,0,2,0,0
173,0,2,7,0
174,1,3,58.9,0
175,1,1,2.2,0
176,1,3,0,0
177,0,3,54.2,0
178,1,1,0,0
179,0,3,49.3,0
180,0,2,15.3,0
181,0,1,2.4,0
182,0,2,7.3,0
183,0,1,5.4,0
184,1,3,0,1
185,0,1,5.8,0
186,0,1,0.2,0
187,0,2,0,0
188,1,2,26.1,1
189,0,2,11,1
190,1,1,5.7,0
191,0,1,5.6,0
192,0,1,3.7,0
193,0,3,45.2,1
194,1,1,0,0
195,0,1,2.6,0
196,1,3,47.9,0
197,1,2,32.3,1
198,1,1,4.9,0
199,1,2,0,0
200,0,2,8.5,0
201,1,2,24.7,1
202,0,3,56.1,0
203,1,3,0,0
204,0,2,0,0
205,1,3,56.4,1
206,0,2,9,0
207,0,2,10.5,0
208,0,1,3.3,0
209,1,1,0,0
210,1,1,5.2,0
211,1,1,0,0
212,0,3,48.6,0
213,1,1,2.2,0
214,0,3,55.2,1
215,0,1,3.6,0
216,1,2,32,1
217,1,2,30.7,1
218,1,3,55.7,1
219,1,1,1.6,0
220,0,2,0,0
221,1,2,31.4,1
222,0,1,0,0
223,0,1,3.2,0
224,1,2,0,0
225,1,1,3.1,1
226,1,2,30.9,1
227,1,1,1.5,0
228,0,1,0.8,0
229,1,3,56.7,1
230,0,2,8.3,0
231,0,3,48.7,0
232,0,1,1.9,0
233,0,1,3,0
234,0,3,57.2,1
235,0,3,0,1
236,1,2,17.6,0
237,1,2,0,0
238,0,3,43,1
239,0,3,50.1,0
240,0,3,45.6,1
241,0,2,11.9,0
242,0,2,15.5,0
243,1,1,0,0
244,1,2,17.2,1
245,1,3,0,0
246,1,2,0,0
247,1,1,5.7,0
248,0,3,47.9,0
249,1,3,56.1,0
250,0,2,8.7,0
251,0,3,36,1
252,1,3,54.3,1
253,0,2,14.4,0
254,1,2,19.5,1
255,1,1,0.6,0
256,0,1,1.3,0
257,1,2,23.7,1
258,0,1,3,0
259,1,2,0,0
260,1,1,2.5,1
261,1,2,0,0
262,0,3,44.8,0
263,1,3,46.4,0
264,0,2,12,0
265,1,2,14.8,0
266,1,1,0,0
267,1,3,0,0
268,0,2,11.9,0
269,0,3,38.3,1
270,1,2,22,1
271,1,2,28.6,1
272,1,2,21.1,1
273,1,2,20.5,1
274,0,3,52.2,1
275,0,1,0.9,0
276,0,3,0,1
277,1,1,4.3,0
278,1,1,0.8,0
279,1,1,4.8,0
280,0,1,0,0
281,0,2,17.9,0
282,1,2,34.9,1
283,1,3,54.4,0
284,1,2,19.7,1
285,0,1,2.3,0
286,0,2,13.2,0
287,0,2,7.6,0
288,0,3,0,1
289,1,3,57.8,1
290,0,2,14.2,0
291,0,3,42.4,1
292,1,2,14.1,1
293,0,3,0,1
294,1,3,59.7,0
295,1,1,0,0
296,0,2,16,0
297,1,2,29.2,1
298,0,3,0,0
299,1,3,50.1,1
300,0,1,2.9,0
301,0,2,8.9,0
302,0,3,50.6,1
303,1,2,21.4,1
304,1,1,0,0
305,1,2,12.8,1
306,0,1,0,0
307,0,2,17.4,0
308,0,1,0.2,1
309,0,1,5.5,0
310,0,3,38.2,0
311,0,2,6.2,0
312,1,1,2.2,0
313,1,1,5.1,1
314,1,1,0.3,0
315,1,1,3.3,0
316,1,2,12.7,0
317,1,2,29.2,1
318,0,3,51.7,1
319,1,2,0,0
320,1,1,2.3,0
321,0,2,17.7,0
322,0,3,48.8,1
323,1,3,37.9,1
324,0,3,40.9,0
325,0,2,7.3,0
326,0,2,17.4,0
327,1,3,0,0
328,1,1,1.3,0
329,0,3,56.6,0
330,1,3,54.3,0
331,1,1,4,0
332,0,2,0,0
333,0,1,4.1,1
334,1,3,44,0
335,1,1,0.7,1
336,0,1,4.8,0
337,1,3,55.2,0
338,0,1,5.3,0
339,1,3,42.6,0
340,1,2,0,0
341,0,3,0,0
342,1,1,0,0
343,0,2,0,0
344,1,1,0,0
345,0,1,3.6,0
346,1,2,29.1,1
347,1,2,15.7,0
348,0,3,40.9,1
349,0,1,3.2,0
350,1,3,48.9,1
351,0,2,7.5,0
352,1,3,0,1
353,1,2,14.1,0
354,0,3,36.9,0
355,0,2,6.3,0
356,0,1,4.9,0
357,0,3,53.6,0
358,1,1,0,1
359,1,1,0,0
360,0,3,0,1
361,0,3,48.6,1
362,0,1,1.2,1
363,1,1,3.7,1
364,1,1,3.2,0
365,1,3,0,0
366,1,3,0,1
367,0,1,3.5,0
368,0,1,2.6,1
369,0,2,6.6,0
370,0,1,3.7,0
371,0,1,3.3,0
372,1,3,0,0
373,0,3,0,1
374,1,2,24.9,1
375,0,1,3.5,0
376,1,2,25.6,1
377,1,3,40.6,0
378,0,1,4.2,0
379,0,1,3.6,0
380,0,2,17,0
381,1,3,43.8,1
382,1,1,0,0
383,1,1,0,0
384,0,3,54.4,1
385,1,1,0,0
386,0,1,0.8,0
387,0,3,0,1
388,0,1,1.8,0
389,1,2,0,0
390,1,2,24.6,1
391,0,2,14.8,0
392,0,2,9.1,0
393,0,1,3.9,0
394,0,1,4.4,0
395,0,1,3.5,0
396,0,3,44.7,1
397,0,1,5.9,0
398,1,1,4.4,0
399,1,1,5.9,0
400,0,3,52.5,0
401,0,2,0,0
402,1,3,56.5,1
403,1,2,19.3,0
404,0,2,17.2,1
405,0,2,0,0
406,1,3,50.1,0
407,0,2,9.2,0
408,1,1,4,0
409,1,3,39.2,1
410,0,1,2.6,0
411,1,2,19.4,1
412,1,2,19.8,1
413,1,1,3.7,0
414,1,3,52.3,1
415,0,2,12.7,0
416,1,1,5,1
417,0,2,13.3,0
418,0,1,1.5,1
419,0,2,16.7,1
420,0,2,17.5,1
421,1,2,0,0
422,0,3,41.1,0
423,0,2,6.1,0
424,0,3,50.2,0
425,0,1,5.8,0
426,0,2,11,0
427,0,2,12,0
428,0,2,7.2,0
429,0,1,5.8,0
430,1,3,44.7,1
431,0,2,6.5,0
432,1,1,0.1,0
433,1,2,22.8,1
434,1,2,34.1,1
435,0,1,0,0
436,0,2,11.1,0
437,0,2,7.1,0
438,0,3,55.3,0
439,0,2,0,0
440,0,2,6.8,0
441,1,1,5.5,0
442,1,1,4.4,0
443,0,2,10.7,0
444,0,3,57,0
445,1,3,39.7,1
446,0,1,4.7,0
447,0,2,0,0
448,0,1,0,0
449,1,3,0,0
450,1,2,31.5,1
451,0,3,57.8,0
452,1,2,21,1
453,0,3,44.3,0
454,0,1,4,0
455,1,1,2.3,0
456,0,2,15.7,0
457,0,3,44,0
458,1,1,2.3,0
459,1,3,52.5,1
460,0,3,48.9,1
461,1,2,24,1
462,0,3,0,0
463,1,3,45,1
464,0,2,17.6,1
465,1,1,5.6,0
466,1,3,50.8,0
467,1,1,0,1
468,0,2,10.5,0
469,0,1,4.8,0
470,1,1,0,0
471,0,1,1.4,1
472,0,2,13.4,1
473,1,1,3.4,0
474,1,1,2.2,1
475,0,1,0,0
476,0,1,0,0
477,0,2,12.5,1
478,0,3,47.7,1
479,1,3,47.9,0
480,1,1,5.3,1
481,0,2,0,0
482,0,1,5.7,0
483,1,3,38.6,1
484,1,3,55.6,0
485,0,3,53.9,1
486,0,3,51.1,0
487,1,3,46.9,0
488,1,1,0,0
489,1,3,57,0
490,0,1,5,0
491,1,3,0,0
492,0,1,1.5,0
493,0,3,36.9,1
494,0,1,3.9,0
495,0,1,5.1,0
496,1,3,55.9,0
497,0,3,52.7,0
498,1,3,39,0
499,0,3,39.4,1
500,0,1,4.1,0
501,0,1,2.4,0
502,0,1,3.5,1
503,1,2,23.3,1
504,0,1,0,0
505,1,1,0.6,0
506,0,2,7.7,0
507,0,3,38.5,1
508,0,1,5.2,0
509,1,3,0,1
510,0,2,6.5,0
511,0,2,8.7,0
512,0,3,51.7,0
513,0,3,59.1,1
514,1,1,1,0
515,0,2,0,0
516,0,2,15,0
517,0,2,15.1,0
518,1,2,15.4,1
519,1,2,32.4,1
520,0,1,4,0
521,1,2,25.2,1
522,0,1,4.1,1
523,1,1,5.6,0
524,1,2,31.1,1
525,0,2,18,0
526,1,2,35.1,1
527,0,3,59.4,0
528,1,3,55.6,1
529,1,1,1.4,0
530,0,1,1.2,0
531,0,3,39.2,1
532,1,1,5.1,0
533,1,3,0,1
534,0,3,49.6,0
535,0,2,14.5,0
536,0,1,3,0
537,0,3,46.1,1
538,0,3,42,0
539,0,3,40.1,0
540,0,2,11.9,0
541,1,1,0,0
542,1,1,0,0
543,0,2,17.9,0
544,1,2,14.3,0
545,0,1,0,0
546,0,1,0,1
547,1,3,54.5,1
548,0,1,1.9,1
549,0,2,8.1,0
550,1,3,41.2,0
551,1,1,0,0
552,0,1,0,0
553,0,3,48.2,0
554,0,3,53.7,1
555,0,1,3.3,0
556,0,2,15.8,0
557,1,3,52.4,0
558,1,1,2.7,0
559,0,3,42.8,0
560,1,2,28.3,1
561,0,3,0,1
562,1,1,4.9,0
563,0,1,3.4,1
564,0,2,13.9,0
565,1,3,53.8,0
566,0,1,0,0
567,1,3,42.9,0
568,1,3,41,1
569,0,2,6.1,0
570,0,2,17.1,1
571,0,1,2.7,0
572,0,2,14.3,0
573,0,2,12.2,0
574,0,3,0,0
575,0,2,10.4,0
576,1,2,34,1
577,0,2,14.1,0
578,0,2,6.5,0
579,1,1,5.2,0
580,1,2,27.6,1
581,1,3,51,1
582,1,1,5.6,1
583,0,1,1.8,0
584,0,3,58.6,1
585,1,2,26.6,1
586,1,1,0.6,0
587,1,3,57.5,0
588,0,2,16.3,0
589,1,3,43.2,1
590,1,1,1.5,0
591,1,1,1.1,0
592,0,1,2.1,0
593,0,1,3.1,0
594,0,3,39.8,1
595,0,3,39.7,1
596,1,1,2.4,0
597,0,2,18,0
598,0,3,46,0
599,0,1,4.3,1
600,0,3,53.8,0
601,1,2,29,1
602,1,1,1.7,0
603,1,1,0,1
604,1,1,0.9,0
605,1,3,0,0
606,1,2,0,0
607,1,1,0,0
608,1,1,1.1,1
609,0,2,7,0
610,0,1,4.7,0
611,0,1,0,0
612,0,3,43.1,0
613,1,2,0,0
614,0,1,0,0
615,1,2,30.6,1
616,0,2,11.3,1
617,0,2,13.5,0
618,1,3,59.5,0
619,0,1,1.5,0
620,1,3,0,0
621,0,2,7.6,0
622,1,1,0,0
623,1,3,52.2,1
624,1,3,42.8,1
625,1,3,40.9,1
626,1,3,36.3,0
627,0,3,58.5,1
628,1,1,2.9,0
629,0,1,2.7,0
630,0,2,0,0
631,1,3,43,0
632,1,2,23,0
633,1,1,3.3,1
634,1,3,40.8,0
635,0,2,7.4,0
636,1,1,5.9,0
637,1,3,37.8,0
638,0,3,59.2,1
639,1,1,3.4,1
640,1,1,0,0
641,0,3,39.7,0
642,1,1,3.9,0
643,0,2,13.1,1
644,1,1,4.2,0
645,1,1,3.3,0
646,0,2,13.6,0
647,0,1,5.1,0
648,0,1,4.5,1
649,1,3,0,0
650,1,1,0.5,0
651,1,3,55.8,0
652,0,2,6,0
653,1,1,1.2,0
654,0,1,1.8,0
655,0,2,6.8,0
656,1,2,16.8,1
657,0,3,43.9,1
658,0,3,48.7,1
659,1,1,0.3,0
660,0,2,0,0
661,0,1,4.6,0
662,1,3,0,0
663,0,1,0.7,1
664,0,2,9.1,0
665,0,3,38.3,1
666,0,1,0,0
667,1,2,20,0
668,1,3,41,0
669,0,3,40.5,1
670,1,2,21.4,1
671,0,1,0.5,0
672,1,3,0,1
673,0,1,1.4,0
674,1,1,4.8,0
675,0,3,42.9,0
676,0,1,5.5,1
677,0,1,3.4,0
678,1,1,0,0
679,0,1,0,1
680,1,3,58.8,0
681,0,1,5.8,0
682,0,3,0,1
683,0,2,14.1,0
684,0,1,4.4,0
685,0,2,16.9,0
686,1,1,2.3,0
687,1,3,45.7,0
688,0,2,0,0
689,1,1,0.3,0
690,1,3,0,1
691,0,2,0,0
692,0,1,0,1
693,1,3,0,1
694,0,1,3.2,0
695,1,3,49.3,0
696,1,1,4.4,0
697,1,1,2.1,1
698,0,1,5.8,0
699,0,3,59.4,0
700,1,1,1,0
701,1,2,35.7,1
702,1,2,35.3,1
703,1,1,2.9,0
704,0,1,2.5,0
705,1,3,0,1
706,1,1,2.6,0
707,0,1,3.5,0
708,0,2,0,0
709,1,2,22.8,0
710,1,3,39.5,1
711,0,1,4.6,1
712,0,1,0,0
713,1,1,0.1,0
714,0,3,0,0
715,0,2,9.9,0
716,1,1,0.3,1
717,0,1,2,0
718,0,2,16,0
719,0,3,51.4,0
720,0,3,55.8,1
721,1,1,3.6,0
722,1,3,36.7,1
723,1,1,0,0
724,0,2,17.8,0
725,1,3,39.5,0
726,1,3,0,0
727,1,2,16.5,1
728,0,1,1.8,1
729,0,3,45,1
730,0,3,54.8,0
731,0,1,2.1,0
732,0,3,39,1
733,1,2,0,0
734,1,1,2.6,0
735,1,3,53.7,0
736,1,1,3.4,0
737,1,2,0,0
738,0,1,5.5,0
739,1,1,0,0
740,0,1,0.9,0
741,1,3,0,1
742,0,2,15.1,0
743,1,2,23,0
744,0,3,42.4,1
745,0,3,40.2,1
746,0,1,0,0
747,1,1,3.3,0
748,1,2,0,0
749,1,2,29.3,1
750,1,2,27.3,1
751,0,2,8.1,0
752,1,3,36.7,1
753,1,2,13.3,0
754,1,3,58.4,0
755,1,1,1.7,0
756,1,1,2.8,0
757,1,3,53,1
758,0,1,0,1
759,0,2,0,0
760,1,2,27.8,1
761,0,3,0,1
762,1,1,2.3,0
763,0,2,11.1,0
764,1,2,33.9,1
765,0,3,49.1,0
766,0,3,56.6,0
767,0,3,38.4,0
768,0,1,2,0
769,0,1,5.1,0
770,1,1,4.9,0
771,0,3,56.9,0
772,1,1,5.1,0
773,1,2,30.8,1
774,1,2,0,0
775,1,1,0,1
776,1,1,0,0
777,0,3,47.9,0
778,1,3,56.6,0
779,0,2,0,0
780,0,1,4.1,0
781,1,3,0,1
782,0,3,41,1
783,1,3,46.2,1
784,1,1,5.5,1
785,0,1,1.7,0
786,1,3,40.5,0
787,1,1,4,0
788,1,3,57.4,1
789,1,3,56.7,0
790,1,2,0,0
791,0,1,4.2,0
792,1,2,18.2,0
793,1,1,0,1
794,1,1,0.3,0
795,1,1,2,1
796,0,1,4.4,0
797,0,2,8.9,0
798,0,2,12.6,1
799,1,1,0.7,0
800,0,3,51.6,0
801,1,2,16.4,1
802,1,1,4.1,0
803,1,1,5.4,0
804,0,1,2.9,0
805,0,1,5.6,0
806,1,2,32.3,1
807,0,1,3.3,0
808,0,1,0,1
809,1,2,31.6,1
810,0,1,1.1,0
811,0,2,13.2,0
812,1,1,0,0
813,1,2,23.1,1
814,1,3,49.3,0
815,1,2,34.6,1
816,1,2,28.4,1
817,1,2,0,0
818,1,3,59.4,0
819,0,1,4.3,0
820,1,1,3.1,0
821,1,1,1.6,0
822,1,1,3.9,0
823,0,3,44.2,0
824,0,3,0,1
825,0,2,9.6,0
826,1,1,1.7,0
827,1,2,30.4,1
828,1,1,2.8,1
829,0,2,9.6,0
830,0,2,17.3,0
831,0,2,6.4,0
832,1,2,25.4,1
833,0,1,4.4,1
834,1,2,35.9,1
835,1,1,0,0
836,0,3,49.4,1
837,1,1,3.2,0
838,0,2,7.4,0
839,1,3,59.2,1
840,0,1,5.7,0
841,0,2,9.8,0
842,0,3,46.2,0
843,0,2,6.3,0
844,1,2,27.2,1
845,1,2,14.3,0
846,0,3,42.2,1
847,1,3,39.8,1
848,0,1,4.7,0
849,1,2,0,0
850,1,3,36.9,1
851,0,1,3.4,0
852,1,3,59.1,1
853,0,2,13.4,0
854,1,1,0,1
855,0,1,5.1,0
856,1,1,3,1
857,1,1,5.6,0
858,1,2,0,0
859,1,3,48.2,1
860,1,2,16.2,0
861,1,2,12.4,0
862,1,1,0,0
863,0,3,38.7,0
864,1,1,1.5,0
865,0,2,14.5,1
866,1,1,5.2,0
867,0,2,6.4,0
868,0,1,4.2,0
869,1,2,25.2,0
870,1,1,3.8,0
871,1,2,35.1,1
872,1,2,33.5,1
873,1,1,0.8,1
874,1,1,5.7,0
875,0,2,6.8,0
876,0,2,8.2,0
877,1,1,0,0
878,0,2,11.5,0
879,0,1,5.8,0
880,1,3,0,1
881,0,1,1.1,0
882,0,3,0,0
883,0,1,0.3,0
884,1,1,0.3,0
885,0,2,8.3,0
886,0,2,12,1
887,0,3,44.6,0
888,0,1,2.2,0
889,1,2,26.6,1
890,0,3,47.6,0
891,1,3,36.9,1
892,0,2,12.1,0
893,0,1,5,0
894,1,2,17.5,1
895,1,1,0.8,0
896,1,3,43.9,1
897,1,1,4.7,1
898,1,3,38.1,1
899,0,2,10.5,0
900,0,3,36.6,0
901,0,1,1.8,0
902,0,1,4.9,0
903,0,1,1.4,1
904,1,1,5.1,0
905,1,1,1.5,0
906,0,2,0,0
907,0,3,44.6,0
908,1,2,32.7,1
909,1,1,0,1
910,0,2,6.2,0
911,1,3,52.7,0
912,0,2,7.5,0
913,1,2,0,0
914,1,3,42.7,0
915,1,2,20.7,0
916,1,3,54.9,1
917,0,1,0,0
918,0,3,57.8,1
919,0,2,0,0
920,0,3,49.3,0
921,1,3,42.8,1
922,0,2,7.7,0
923,0,2,11,0
924,1,1,4,0
925,0,3,43.5,1
926,0,1,0,0
927,0,2,10.9,1
928,1,3,51.4,1
929,1,3,0,1
930,0,1,3.9,0
931,1,1,5.2,0
932,0,1,5.2,1
933,0,3,39.9,0
934,0,2,17.6,0
935,1,1,4.2,0
936,1,2,0,0
937,1,1,2.3,0
938,1,1,5.6,0
939,0,3,41.5,1
940,0,1,1.8,0
941,0,1,2.4,0
942,0,2,0,0
943,1,3,55.2,1
944,0,2,17.9,1
945,1,3,43.6,1
946,0,1,2.6,0
947,1,1,1.3,1
948,1,2,0,0
949,1,3,47.7,0
950,0,1,1.7,0
951,0,2,0,0
952,1,3,58.5,0
953,1,1,4.2,1
954,1,2,0,0
955,1,1,0,0
956,1,1,2.7,0
957,1,1,0,0
958,0,2,11.7,0
959,1,3,0,1
960,1,2,0,0
961,0,2,11.4,0
962,1,2,31.4,1
963,1,3,45,0
964,1,1,2.8,1
965,0,3,38.4,1
966,0,1,0,0
967,0,3,42.4,0
968,0,2,0,0
969,0,2,11.8,1
970,0,2,0,0
971,0,1,0,0
972,1,2,31.8,1
973,1,3,0,1
974,1,2,28.1,1
975,1,3,0,1
976,1,3,0,1
977,0,3,60,1
978,0,3,0,1
979,1,1,4.5,0
980,1,1,5.5,0
981,0,2,6,0
982,1,2,0,0
983,1,3,40.5,1
984,1,3,55.9,0
985,0,2,13.1,0
986,0,3,57.9,1
987,1,2,29.1,1
988,0,2,11.2,1
989,1,3,40.6,0
990,1,1,5.8,0
991,1,2,0,0
992,1,1,1,0
993,0,1,4.8,1
994,1,2,24.5,1
995,0,2,12.3,0
996,0,2,8.8,0
997,0,3,0,1
998,0,2,16,0
999,1,2,21.1,1
1000,1,1,5.6,0
1001,1,1,0,0
1002,1,3,47.2,1
1003,0,2,9.7,0
1004,1,1,4.3,0
1005,1,2,21.8,0
1006,0,2,10.6,0
1007,1,2,0,0
1008,1,1,0,1
1009,0,3,53,0
1010,0,1,0,0
1011,1,1,1.9,1
1012,1,2,35.8,1
1013,0,3,43.5,1
1014,1,3,0,1
1015,1,1,4.9,0
1016,1,2,32.6,1
1017,0,3,53.3,0
1018,1,3,42.4,1
1019,1,2,0,0
1020,0,2,7.6,0
1021,1,3,44.6,1
1022,1,3,56,1
1023,0,2,0,0
1024,0,2,0,0
1025,1,3,0,0
1026,0,1,3.1,0
1027,0,1,2.1,0
1028,1,3,45.6,0
1029,1,1,1.7,0
1030,0,2,16.7,1
1031,1,1,0,0
1032,0,1,0.4,1
1033,1,1,3.9,0
1034,0,1,2.9,1
1035,1,1,3.8,1
1036,0,1,3.1,0
1037,0,3,55.2,1
1038,1,3,45,0
1039,0,1,2.4,0
1040,0,2,12.4,0
1041,0,3,40.8,1
1042,1,2,19.6,1
1043,1,1,0.4,0
1044,1,3,48.1,1
1045,0,3,43,0
1046,0,1,0,0
1047,0,2,0,0
1048,1,2,25.2,1
1049,1,2,0,0
1050,1,2,18.2,1
1051,1,3,45.5,1
1052,1,1,1.1,0
1053,0,2,6.2,0
1054,0,1,4.5,0
1055,1,1,2.2,0
1056,1,1,2.9,0
1057,0,2,16.9,0
1058,1,1,1.7,0
1059,1,1,0.7,0
1060,0,2,8.2,0
1061,0,2,6.4,0
1062,1,2,16.2,1
1063,1,3,46.3,1
1064,0,2,14.2,0
1065,1,3,42.4,1
1066,0,3,52.9,1
1067,1,3,54.2,1
1068,0,2,7.7,0
1069,1,3,51.7,0
1070,0,3,57,1
1071,0,2,8.3,0
1072,1,1,4.6,0
1073,0,1,3.9,0
1074,0,3,51,1
1075,0,1,0,0
1076,1,1,4.9,0
1077,1,3,56.4,1
1078,1,2,26.3,1
1079,1,3,49.3,1
1080,1,1,1.6,0
1081,1,2,16.9,0
1082,1,3,52.2,0
1083,0,3,0,1
1084,1,2,30.9,1
1085,0,2,9,0
1086,1,2,26.7,1
1087,0,1,5.9,0
1088,1,1,3.8,0
1089,1,1,0.9,0
1090,0,3,40,1
1091,1,2,0,0
1092,0,3,55.4,1
1093,0,2,0,0
1094,0,1,4.6,0
1095,0,2,8.4,0
1096,1,2,34.8,1
1097,0,2,0,0
1098,0,1,2.3,0
1099,0,1,0,0
1100,1,1,2.3,0
1101,0,2,0,0
1102,0,1,5.9,0
1103,0,2,7.3,0
1104,1,1,1.6,0
1105,1,3,58.1,1
1106,0,1,1.4,0
1107,0,3,50.8,1
1108,0,1,3.6,0
1109,1,1,4.7,1
1110,0,2,13.7,0
1111,0,3,0,1
1112,1,2,0,0
1113,1,3,53.2,0
1114,1,1,5.3,0
1115,1,1,4.9,1
1116,1,2,0,0
1117,1,1,5.1,1
1118,1,2,26.4,0
1119,1,3,44.9,1
1120,0,2,8.9,0
1121,0,2,6.1,0
1122,0,2,16,0
1123,1,1,1.6,0
1124,0,3,51.9,1
1125,0,2,14.5,0
1126,0,3,0,1
1127,1,2,26.8,1
1128,1,3,40,1
1129,1,3,45,0
1130,1,1,2.1,0
1131,1,2,17.5,0
1132,0,2,13.7,0
1133,0,3,55,1
1134,0,2,0,0
1135,0,3,41.1,1
1136,0,1,2.8,0
1137,1,3,40.3,1
1138,0,2,13.8,1
1139,0,3,0,1
1140,0,3,56.3,0
1141,0,2,7.8,0
1142,1,1,5.2,0
1143,1,3,45.4,0
1144,1,1,4.3,0
1145,1,1,5.7,1
1146,1,1,0,0
1147,0,3,0,1
1148,1,1,0.7,0
1149,0,1,5,0
1150,1,1,0,0
1151,0,3,39.7,1
1152,1,3,36.1,0
1153,0,1,1.9,0
1154,1,3,59.1,0
1155,0,1,0,0
1156,0,2,12.2,0
1157,0,3,48.5,0
1158,0,3,59.5,1
1159,0,2,15.5,1
1160,0,3,0,0
1161,1,3,55.9,0
1162,1,1,1.8,1
1163,1,1,1.2,0
1164,1,3,44.4,1
1165,1,2,26.2,1
1166,0,1,3.8,0
1167,0,3,56.4,1
1168,1,1,2.1,0
1169,0,1,2.5,0
1170,1,1,5.9,0
1171,0,3,53.4,1
1172,1,2,19.9,1
1173,0,1,0.1,0
1174,1,1,0,0
1175,1,3,58.4,0
1176,1,2,14.9,0
1177,1,2,24.6,1
1178,0,3,59.7,1
1179,1,1,0,1
1180,0,1,4.1,0
1181,1,2,33.8,1
1182,0,2,15.9,0
1183,1,1,0.4,0
1184,1,2,14.8,0
1185,0,1,4.3,0
1186,1,1,0,0
1187,1,2,0,0
1188,1,2,16.1,0
1189,0,3,45,1
1190,0,1,2.8,0
1191,0,2,16.8,1
1192,1,3,42.3,1
1193,1,3,51.8,1
1194,0,1,0,0
1195,1,1,2.3,0
1196,1,3,36.7,1
1197,0,2,6.2,0
1198,1,1,0,0
1199,0,2,7.4,0
1200,0,2,6.4,0
1201,1,3,52.1,0
1202,1,2,29.9,1
1203,0,2,6.1,0
1204,0,1,3.8,0
1205,0,2,9.3,0
1206,1,3,47.5,0
1207,1,2,26.4,1
1208,0,3,49.3,0
1209,0,2,16.6,1
1210,0,2,8.3,0
1211,1,3,0,1
1212,1,1,0.8,0
1213,0,2,18,1
1214,1,2,21.8,1
1215,1,1,2.4,0
1216,0,3,56,1
1217,0,2,16.4,1
1218,0,1,2.7,0
1219,0,3,54.4,0
1220,1,3,42,1
1221,0,2,0,0
1222,0,3,37.2,0
1223,0,2,9,0
1224,1,3,59.2,0
1225,0,3,42.1,0
1226,1,1,5.9,0
1227,0,3,36.4,0
1228,0,3,40.6,0
1229,0,2,6.8,0
1230,0,3,0,0
1231,0,1,5.2,0
1232,1,1,0,0
1233,0,1,1.1,0
1234,0,1,0.9,0
1235,0,2,6.4,0
1236,0,2,16.1,0
1237,1,1,5.5,0
1238,1,2,0,0
1239,1,2,17.1,0
1240,0,1,3.4,0
1241,0,2,7.2,0
1242,1,2,31.5,1
1243,1,2,15.3,1
1244,1,3,42,0
1245,1,3,59.7,1
1246,0,3,39.4,0
1247,0,1,5.5,0
1248,0,1,3.2,0
1249,1,2,33.4,1
1250,0,3,59.3,0
1251,1,3,49.4,1
1252,0,1,3.7,0
1253,0,2,13.8,0
1254,0,1,0,0
1255,1,3,37,0
1256,0,1,5,0
1257,0,1,2.9,0
1258,0,1,1.8,0
1259,1,2,22.1,0
1260,0,3,56.7,0
1261,0,2,10,0
1262,1,3,37.4,1
1263,0,2,10.6,0
1264,0,1,4.3,0
1265,0,1,0,0
1266,0,3,58.7,0
1267,0,3,40.2,1
1268,1,3,48.7,1
1269,1,2,0,0
1270,1,2,0,0
1271,1,1,2.8,0
1272,1,3,37.7,1
1273,0,3,53.8,1
1274,0,1,0.2,0
1275,1,3,41.1,0
1276,0,1,5.5,0
1277,0,1,2.7,0
1278,1,2,33.2,1
1279,0,1,0.1,0
1280,0,3,56.9,1
1281,1,3,48.8,0
1282,0,3,53.3,0
1283,1,3,47.8,1
1284,1,2,28.8,1
1285,0,1,4.5,0
1286,1,2,18.6,0
1287,1,1,0.2,0
1288,1,3,45.4,1
1289,1,2,33.7,1
1290,1,2,18.3,0
1291,0,1,5,0
1292,1,1,5.7,0
1293,1,3,48,0
1294,0,2,16.7,0
1295,0,3,0,1
1296,1,1,0,0
1297,1,2,21.1,0
1298,0,3,50.5,0
1299,0,1,2,0
1300,0,2,13.6,1
1301,0,1,5,0
1302,0,1,0.2,0
1303,1,1,0.7,0
1304,1,1,0.9,0
1305,1,3,47.1,0
1306,0,2,0,0
1307,1,1,5.7,1
1308,1,2,16.3,0
1309,0,3,42.2,0
1310,1,3,56.6,0
1311,1,2,33.5,1
1312,0,2,15.6,0
1313,0,2,6.9,0
1314,1,1,0,1
1315,0,3,49.4,1
1316,0,3,50.4,0
1317,0,3,48.1,0
1318,0,2,7.2,0
1319,0,3,55,1
1320,1,3,39.4,1
1321,1,3,54.4,0
1322,0,3,0,0
1323,0,2,0,0
1324,0,1,5.7,0
1325,0,3,55.5,0
1326,0,3,38.1,1
1327,1,3,53.7,1
1328,1,3,59.6,1
1329,0,2,11,0
1330,0,2,6.9,0
1331,1,3,36.1,1
1332,1,1,5.6,0
1333,0,3,38.4,1
1334,0,2,15.4,0
1335,0,2,0,0
1336,0,1,3.5,0
1337,0,3,50.2,1
1338,1,1,2.7,0
1339,0,2,0,0
1340,1,1,4.7,0
1341,0,1,5,0
1342,1,1,4.4,0
1343,0,3,41.2,0
1344,1,2,24.3,0
1345,1,3,36.2,1
1346,0,3,59.5,1
1347,1,3,57.3,1
1348,0,3,52.5,0
1349,1,1,0.2,1
1350,0,3,56.5,0
1351,1,2,21.9,0
1352,1,3,50.3,1
1353,0,2,0,0
1354,1,2,0,0
1355,1,1,4.5,0
1356,1,1,4.4,0
1357,1,3,50.9,0
1358,0,2,13.9,1
1359,1,2,15.7,0
1360,1,3,50.1,1
1361,0,2,0,0
1362,1,1,3.9,0
1363,0,2,0,0
1364,1,3,0,1
1365,1,1,0,0
1366,1,3,38.2,0
1367,1,1,5.7,0
1368,0,3,38.7,1
1369,1,3,0,0
1370,0,1,1.6,1
1371,0,2,10.7,0
1372,0,3,57.6,1
1373,1,3,45.3,0
1374,1,1,2.5,0
1375,0,3,50,0
1376,1,3,57.9,1
1377,0,2,16.3,0
1378,1,1,3.5,0
1379,1,2,18.9,1
1380,1,1,0.2,0
1381,1,3,0,1
1382,0,2,16,0
1383,0,1,0.6,0
1384,0,3,58,1
1385,0,1,0.5,0
1386,1,1,0.6,0
1387,0,1,0.2,0
1388,0,3,48.2,1
1389,1,2,24.8,1
1390,0,3,53.4,0
1391,0,1,5,0
1392,1,3,51.9,0
1393,0,3,42.9,1
1394,1,2,28.7,1
1395,1,1,1.3,0
1396,1,3,52,0
1397,1,1,5.8,0
1398,0,1,4.7,0
1399,0,1,0.5,0
1400,0,2,8.9,0
1401,0,3,47.6,1
1402,1,2,16.2,0
1403,0,3,58.7,1
1404,1,2,0,0
1405,0,3,44.1,0
1406,1,3,54.1,0
1407,1,2,28.6,1
1408,1,2,15.1,0
1409,0,3,53.1,0
1410,1,3,50.4,0
1411,1,2,24.8,1
1412,1,2,19.4,1
1413,1,3,46.8,0
1414,1,2,16.1,0
1415,0,3,51.9,1
1416,1,2,33,1
1417,1,3,40.3,1
1418,0,3,0,1
1419,1,3,41.7,0
1420,0,3,0,1
1421,1,3,40.2,1
1422,0,2,9.5,0
1423,1,3,41.3,1
1424,1,3,48.9,1
1425,0,2,0,0
1426,0,2,8.7,0
1427,0,2,9.7,0
1428,1,1,0.1,0
1429,0,2,11.6,1
1430,0,2,0,0
1431,1,2,16,0
1432,0,1,2.3,0
1433,1,1,0,0
1434,1,2,17.6,1
1435,1,2,30.7,1
1436,0,2,0,0
1437,1,1,0,0
1438,1,1,2.3,0
1439,0,2,14,0
1440,0,1,4.8,0
1441,1,3,54.1,0
1442,0,1,4.5,0
1443,0,2,6.9,0
1444,1,2,0,0
1445,0,3,0,1
1446,1,2,19.7,1
1447,1,1,5.5,0
1448,0,3,0,0
1449,1,3,57.3,1
1450,1,1,2.5,0
1451,0,3,38,1
1452,0,2,17.5,1
1453,1,3,51,1
1454,1,2,21.6,0
1455,0,2,15.6,0
1456,1,1,3.2,1
1457,1,3,50.6,1
1458,1,3,42.2,1
1459,1,2,24.3,1
1460,1,2,12.2,0
1461,0,3,41.1,1
1462,1,3,0,0
1463,0,2,0,0
1464,1,1,0,0
1465,1,2,25.7,1
1466,1,1,2.6,0
1467,0,1,5.8,1
1468,1,2,0,0
1469,1,3,0,0
1470,1,1,0,0
1471,1,1,5.5,0
1472,1,2,0,0
1473,0,2,14.7,0
1474,1,2,27.7,1
1475,0,2,11,0
1476,1,1,3,0
1477,0,3,45.2,1
1478,1,1,0.5,0
1479,1,1,0,0
1480,0,1,0,1
1481,0,1,4.6,0
1482,0,1,5.1,0
1483,1,1,4.7,0
1484,0,1,2.8,0
1485,0,3,39,0
1486,0,2,14.3,1
1487,0,3,59.8,0
1488,1,1,2.9,0
1489,1,1,0,0
1490,0,1,1.1,0
1491,1,1,2.5,0
1492,0,3,50.8,0
1493,0,3,47.9,1
1494,0,1,0,0
1495,1,3,40.4,1
1496,1,2,21.3,0
1497,1,2,24.9,0
1498,1,1,4.8,0
1499,1,3,50.3,1
1500,0,3,37.2,0
1501,0,1,0,1
1502,1,3,47.8,1
1503,1,1,5.6,0
1504,1,3,0,0
1505,1,3,50.2,0
1506,0,3,46.8,0
1507,1,1,2,0
1508,0,2,16.9,0
1509,1,1,1.4,0
1510,0,1,1.7,0
1511,1,1,0,0
1512,1,2,0,0
1513,0,1,5.3,0
1514,0,1,0.7,0
1515,1,3,54,1
1516,1,2,13.4,0
1517,0,2,0,0
1518,1,2,35.9,1
1519,1,1,4.6,0
1520,0,1,0.2,1
1521,0,2,0,0
1522,1,2,0,0
1523,1,2,0,0
1524,0,1,3.3,0
1525,1,2,16.1,0
1526,0,1,3.6,0
1527,1,3,41.9,1
1528,1,1,1.8,0
1529,1,1,0,0
1530,1,3,55.9,0
1531,0,2,7.5,0
1532,1,2,34.3,1
1533,1,2,0,0
1534,0,2,8.8,0
1535,0,3,0,0
1536,1,2,28.6,1
1537,0,1,0,0
1538,1,1,2.1,0
1539,0,3,48,0
1540,1,1,0,1
1541,1,3,37.9,0
1542,1,1,2.9,1
1543,1,2,33.3,1
1544,1,3,48.9,0
1545,1,3,0,0
1546,0,2,0,0
1547,0,1,0,0
1548,0,3,0,1
1549,0,3,38.4,1
1550,0,2,15.2,0
1551,1,1,5.6,0
1552,0,2,11.8,0
1553,1,1,1.8,0
1554,0,1,0.5,0
1555,0,3,48.2,0
1556,0,3,42.5,1
1557,1,1,0,0
1558,0,2,9,0
1559,0,1,2.3,0
1560,0,2,12,0
1561,0,3,48,1
1562,1,3,37.2,0
1563,0,3,39.7,0
1564,0,2,17.4,0
1565,1,1,4.7,0
1566,1,2,31.5,1
1567,0,2,15,0
1568,0,1,1.7,0
1569,1,2,17,1
1570,0,3,59.3,0
1571,1,3,0,0
1572,1,2,0,0
1573,0,1,0,1
1574,0,2,0,0
1575,1,1,3.7,0
1576,1,1,3.8,0
1577,1,2,0,0
1578,1,2,0,0
1579,0,1,5.4,0
1580,1,1,3.7,0
1581,0,3,0,1
1582,1,2,22.4,1
1583,0,3,56.5,0
1584,1,1,0.6,0
1585,0,2,15.9,0
1586,1,3,40.6,1
1587,0,1,5.3,0
1588,0,1,1.6,0
1589,1,1,0,0
1590,0,1,2.7,0
1591,1,2,13.8,0
1592,1,1,3.7,0
1593,0,1,5.9,0
1594,0,1,4.7,0
1595,1,3,57.9,1
1596,0,3,38.6,1
1597,0,3,0,0
1598,1,1,3.7,0
1599,0,1,5.4,0
1600,0,2,17.1,0
1601,0,1,2.4,0
1602,0,3,55.5,0
1603,1,3,49.3,1
1604,1,3,0,0
1605,0,3,42.5,1
1606,1,2,0,0
1607,0,3,43.2,0
1608,0,2,0,0
1609,1,3,47.6,1
1610,1,3,0,0
1611,0,2,0,0
1612,0,3,37.3,0
1613,0,1,2.2,0
1614,0,3,52.4,0
1615,0,1,4,0
1616,1,3,58.5,1
1617,0,2,6.4,0
1618,1,1,1,0
1619,1,2,31.8,1
1620,1,1,1.1,0
1621,0,1,5.8,0
1622,0,2,13.6,0
1623,1,1,4,0
1624,0,1,0,0
1625,0,2,0,0
1626,0,2,9.5,0
1627,1,3,0,0
1628,1,2,0,0
1629,0,3,0,0
1630,0,3,52.8,0
1631,0,1,3.6,0
1632,1,2,31.9,1
1633,1,1,5.3,0
1634,0,2,17.1,1
1635,0,3,49.8,0
1636,0,2,15.7,0
1637,1,3,40.2,1
1638,1,2,28.9,1
1639,1,3,58.2,1
1640,0,2,0,0
1641,0,2,10.8,0
1642,0,1,1.5,1
1643,0,1,2.3,0
1644,1,1,3,0
1645,1,3,54.3,1
1646,0,1,3.6,0
1647,1,2,33.5,1
1648,0,1,0.1,0
1649,0,3,49.9,0
1650,0,1,1.2,0
1651,1,1,5.5,0
1652,1,1,4.2,0
1653,1,3,50.1,1
1654,1,3,42.3,0
1655,0,1,4.7,0
1656,1,2,0,0
1657,0,2,15.1,0
1658,0,3,0,1
1659,1,1,3.3,0
1660,1,3,52.2,1
1661,0,3,40.7,1
1662,0,1,5.6,0
1663,0,3,50.1,1
1664,1,1,0.6,1
1665,1,1,1.6,0
1666,1,1,1.6,0
1667,1,3,47.3,0
1668,1,2,15.4,0
1669,1,3,48.6,1
1670,1,2,33.7,1
1671,1,2,31.7,1
1672,0,3,40.8,1
1673,1,2,18,0
1674,1,2,30.5,1
1675,1,3,58.1,0
1676,1,1,0,0
1677,1,2,16.6,0
1678,1,3,0,1
1679,0,2,10.2,0
1680,1,3,54.3,1
1681,0,2,8.8,0
1682,1,1,0,0
1683,1,2,0,0
1684,0,2,0,0
1685,1,3,42.6,1
1686,0,1,3.5,0
1687,1,2,0,0
1688,1,3,0,0
1689,0,2,16.5,0
1690,1,1,5.3,1
1691,0,1,5.7,0
1692,0,3,56.8,0
1693,1,3,0,0
1694,0,1,3.1,0
1695,1,1,5.3,0
1696,0,2,7.2,0
1697,0,3,59.5,0
1698,0,2,10.4,0
1699,0,1,4,0
1700,0,1,0,1
1701,0,1,2.6,1
1702,1,1,0,0
1703,1,3,0,1
1704,1,3,49.8,0
1705,0,3,0,1
1706,1,1,1.7,0
1707,0,3,0,0
1708,0,2,16.9,0
1709,1,1,0,0
1710,0,1,0.9,0
1711,0,1,2.3,1
1712,1,2,26.3,1
1713,1,1,3.7,0
1714,1,1,2.5,0
1715,0,1,1.2,0
1716,0,3,42.1,0
1717,0,1,3.5,0
1718,1,1,1.3,0
1719,0,3,37,0
1720,1,1,3.9,0
1721,0,3,0,0
1722,1,2,19.5,1
1723,0,2,13,1
1724,1,1,2.6,0
1725,0,2,16.6,0
1726,0,3,38.9,0
1727,0,1,1,0
1728,1,3,58.9,0
1729,0,1,0.3,0
1730,1,2,29.1,1
1731,0,3,0,1
1732,1,2,21.2,0
1733,0,3,39.9,1
1734,1,1,5.3,0
1735,1,2,13.4,0
1736,1,3,52.9,1
1737,0,3,43.7,1
1738,0,3,57.5,1
1739,1,3,42.2,0
1740,0,3,46.5,1
1741,0,2,0,0
1742,0,1,5.9,0
1743,1,3,57.4,1
1744,1,3,56.2,0
1745,1,3,49.9,0
1746,1,2,16.9,1
1747,1,3,44.7,0
1748,0,1,4.6,0
1749,1,1,4.1,0
1750,0,2,9.2,0
1751,1,3,0,0
1752,0,1,3.7,0
1753,0,2,7,0
1754,0,2,13,0
1755,0,3,57.7,0
1756,1,1,2.1,0
1757,0,2,10,0
1758,0,2,0,0
1759,1,2,0,0
1760,1,2,13.3,0
1761,1,3,0,0
1762,1,2,27.1,1
1763,1,2,20.2,0
1764,0,3,47.3,1
1765,0,2,0,0
1766,1,1,0,1
1767,1,3,41.2,0
1768,0,2,16,0
1769,0,1,3.1,0
1770,0,3,45.4,0
1771,1,3,59.8,1
1772,0,1,1.1,0
1773,1,1,4.9,0
1774,0,3,52.2,1
1775,1,3,48.7,1
1776,0,3,58.5,1
1777,0,1,0,0
1778,0,2,0,0
1779,0,3,37.5,0
1780,1,1,0.5,0
1781,0,2,14.2,1
1782,0,3,58.3,1
1783,1,1,0,0
1784,0,1,2.2,0
1785,1,3,52.3,1
1786,1,1,1.1,1
1787,1,1,0.2,0
1788,0,3,51.5,0
1789,1,3,42.2,0
1790,0,2,10.1,0
1791,1,2,12.4,0
1792,0,2,11,0
1793,1,2,29,1
1794,0,2,0,0
1795,0,3,43.5,0
1796,1,1,0.2,0
1797,0,3,0,1
1798,1,3,38.1,1
1799,0,2,6.2,0
1800,1,3,0,1
1801,1,1,1.5,0
1802,0,3,40.8,0
1803,1,2,24.9,1
1804,1,3,51.9,0
1805,0,3,40.6,0
1806,0,2,14.9,0
1807,0,1,0.7,0
1808,0,1,3.7,0
1809,1,3,49.7,0
1810,0,2,0,0
1811,0,2,0,0
1812,0,2,11.7,0
1813,1,2,21.5,1
1814,1,2,26.7,0
1815,1,1,0,0
1816,0,1,3.9,0
1817,1,1,5.7,0
1818,0,3,59.6,1
1819,0,2,0,0
1820,0,1,3.6,0
1821,0,1,0.2,0
1822,1,2,27.3,1
1823,0,3,38.4,1
1824,1,2,30.8,1
1825,0,3,48.5,0
1826,1,2,20.8,1
1827,1,3,0,1
1828,1,3,51.8,0
1829,0,1,0,0
1830,0,2,13.8,0
1831,0,1,0.6,0
1832,1,1,5.8,0
1833,0,2,7.7,0
1834,0,3,52.8,1
1835,0,1,0,0
1836,1,3,38,1
1837,0,2,0,0
1838,0,2,10.3,0
1839,1,1,0,0
1840,0,3,38,1
1841,1,2,0,0
1842,0,1,4.8,0
1843,0,1,0.8,0
1844,1,1,2.5,0
1845,1,2,17.4,0
1846,0,1,0,0
1847,0,1,4.8,0
1848,1,1,0,0
1849,0,2,15.2,0
1850,1,2,22.9,1
1851,0,2,7.1,0
1852,1,1,3.6,0
1853,0,3,42.1,0
1854,1,1,0.8,0
1855,0,2,13.4,0
1856,0,3,58.4,1
1857,1,3,0,1
1858,1,2,21.1,0
1859,1,1,5.1,0
1860,0,1,1,0
1861,1,3,57.1,0
1862,0,1,0,0
1863,1,1,5,0
1864,1,2,14.8,0
1865,1,1,0,0
1866,0,1,0,0
1867,1,1,0.8,0
1868,1,1,5,1
1869,0,1,4.9,0
1870,1,2,21.4,1
1871,0,1,0.9,0
1872,1,3,42.6,1
1873,1,3,51,1
1874,0,3,52.8,1
1875,1,2,18,0
1876,1,2,23.8,0
1877,0,2,0,0
1878,0,3,0,1
1879,0,2,0,0
1880,1,2,19.1,1
1881,0,2,0,0
1882,1,2,28.4,1
1883,1,3,37.5,1
1884,0,1,0.7,1
1885,0,3,41.8,0
1886,1,1,3.4,0
1887,1,2,30.8,1
1888,0,1,0,0
1889,1,3,0,1
1890,1,2,21.6,1
1891,1,3,53.7,0
1892,0,3,56.6,0
1893,0,3,0,0
1894,1,1,0.2,0
1895,1,3,54.5,1
1896,0,2,17.9,0
1897,1,2,0,0
1898,0,2,0,0
1899,0,1,0.9,0
1900,1,3,37.5,0
1901,1,1,5.9,1
1902,0,1,0,0
1903,0,1,3.1,0
1904,0,2,0,0
1905,0,1,0.8,0
1906,1,1,4.3,0
1907,1,1,2.4,0
1908,1,3,39.2,1
1909,0,1,1.3,0
1910,0,2,8.4,0
1911,1,2,19.9,1
1912,1,1,5.2,0
1913,1,1,1.2,0
1914,1,1,0,0
1915,0,2,16.1,0
1916,1,3,47.3,0
1917,1,3,45.7,1
1918,1,2,20,1
1919,0,3,42.6,0
1920,1,3,60,1
1921,1,3,40.4,1
1922,1,1,2.7,1
1923,0,3,0,1
1924,1,3,59.5,1
1925,1,1,5.7,0
1926,1,1,1.8,0
1927,1,3,38.3,1
1928,0,2,8.1,0
1929,1,3,47.7,0
1930,0,1,2.5,0
1931,0,2,17,1
1932,0,2,6.7,0
1933,0,3,40.4,0
1934,1,3,49.3,1
1935,1,3,41.2,1
1936,0,2,15.6,1
1937,1,1,6,0
1938,0,1,0.8,0
1939,1,3,55.3,1
1940,1,2,21.4,1
1941,1,1,0,0
1942,1,1,2.8,0
1943,1,1,1.5,0
1944,1,3,41.3,1
1945,0,1,0,0
1946,0,2,8.6,0
1947,0,2,0,0
1948,0,3,37.9,0
1949,0,1,5.6,0
1950,0,1,0,0
1951,0,3,44.5,1
1952,0,2,9.2,0
1953,1,3,47.9,0
1954,1,1,3.2,0
1955,1,1,3.9,0
1956,1,2,32.9,1
1957,1,1,3.6,0
1958,0,1,0,0
1959,1,3,54.9,0
1960,0,3,50.4,1
1961,0,3,54.7,0
1962,1,3,0,1
1963,0,1,3.9,0
1964,1,2,14.8,0
1965,1,2,29.2,1
1966,1,2,0,0
1967,1,2,14.2,0
1968,0,2,6.7,0
1969,0,2,0,0
1970,0,1,4.4,0
1971,0,1,5.5,0
1972,1,2,35.7,1
1973,1,2,16.5,1
1974,0,2,8.6,0
1975,0,2,13.9,0
1976,0,1,0,0
1977,1,2,0,0
1978,0,1,0,0
1979,1,3,50.1,1
1980,0,1,2.6,0
1981,1,1,5.4,0
1982,0,3,46.8,0
1983,1,3,44,0
1984,1,1,2.2,0
1985,1,1,3.6,1
1986,1,1,2,0
1987,0,3,54.4,0
1988,1,2,0,0
1989,1,1,0,0
1990,1,2,26.7,1
1991,1,2,33.6,1
1992,1,3,0,0
1993,0,3,46.2,1
1994,0,3,36.4,0
1995,0,3,43.2,1
1996,0,3,0,1
1997,1,1,0.2,0
1998,0,2,10.1,0
1999,1,3,47,1
2000,1,1,0.2,0
2001,1,2,0,0
2002,0,1,3.6,0
2003,0,2,13.5,0
2004,1,3,59.5,0
2005,1,2,24,1
2006,1,1,0,0
2007,1,3,37.1,0
2008,1,3,51.5,0
2009,1,2,20,0
2010,1,1,3.7,0
2011,0,3,0,0
2012,1,3,55,1
2013,0,3,45,1
2014,0,1,1.2,0
2015,0,2,13.1,0
2016,1,1,5.3,0
2017,0,2,0,0
2018,0,1,0,0
2019,0,3,59.2,1
2020,1,1,5.4,0
2021,0,3,53.8,0
2022,1,3,0,0
2023,0,2,8.8,0
2024,1,1,0.2,0
2025,1,2,24.7,1
2026,0,2,7.7,0
2027,0,1,0,0
2028,1,1,0,0
2029,0,1,1.4,0
2030,0,3,57,0
2031,0,2,11.2,0
2032,1,2,15.9,1
2033,0,2,16,0
2034,0,3,0,0
2035,1,2,0,0
2036,0,2,17.8,0
2037,0,2,7.6,0
2038,1,1,3.2,0
2039,0,1,1.7,0
2040,1,2,0,0
2041,1,3,45.9,1
2042,1,2,0,0
2043,1,1,1.8,0
2044,1,2,12.4,0
2045,1,3,48.4,0
2046,1,2,25.3,1
2047,0,1,0.2,0
2048,0,1,2.2,1
2049,1,1,5.6,0
2050,0,1,5.6,0
2051,0,1,1.3,0
2052,1,3,53,0
2053,0,1,1.6,0
2054,1,2,28.3,1
2055,1,2,31.2,1
2056,0,3,59.2,0
2057,1,2,19.1,1
2058,1,3,57.7,1
2059,0,3,40,1
2060,0,2,11.8,0
2061,1,1,4.4,0
2062,1,3,54.5,0
2063,0,3,43.6,1
2064,1,1,1.6,1
2065,0,2,9.7,0
2066,1,2,0,0
2067,0,3,39.3,1
2068,1,3,0,1
2069,0,2,10,0
2070,1,3,46.9,0
2071,1,1,0,0
2072,0,2,0,0
2073,1,2,34.5,1
2074,0,2,0,0
2075,1,1,4.5,0
2076,1,2,0,0
2077,1,2,32.1,1
2078,0,1,1.5,0
2079,1,2,33.9,1
2080,0,3,39.4,1
2081,0,3,0,1
2082,0,3,0,0
2083,0,3,46.3,1
2084,1,2,21.2,1
2085,1,3,36.3,1
2086,1,1,3.3,0
2087,1,1,1.5,0
2088,0,2,12.4,0
2089,1,3,37.7,1
2090,1,1,2.6,0
2091,0,2,8.5,0
2092,1,3,45.6,0
2093,0,3,43.6,0
2094,0,3,0,0
2095,1,3,47,0
2096,0,1,4.3,0
2097,0,2,18,1
2098,0,1,3.6,1
2099,1,2,0,0
2100,1,2,35.7,1
2101,1,2,0,0
2102,1,1,1.8,0
2103,0,2,16.3,1
2104,1,1,3.2,0
2105,0,2,10.1,0
2106,1,3,36.6,0
2107,1,1,0,0
2108,0,2,8.1,0
2109,1,3,53.9,1
2110,1,3,36.9,0
2111,0,2,8.5,0
2112,0,3,57.3,1
2113,0,2,7.8,0
2114,0,1,3.5,0
2115,0,3,39,1
2116,1,2,12,0
2117,0,3,0,1
2118,1,1,4.6,0
2119,0,1,4.2,0
2120,0,1,1.5,0
2121,1,1,0,1
2122,1,1,0,0
2123,1,2,28.3,1
2124,1,3,39,0
2125,0,1,2.3,0
2126,1,1,6,0
2127,1,3,56.8,0
2128,1,3,56.6,0
2129,1,1,2.3,0
2130,1,3,47,1
2131,1,3,44,1
2132,0,1,1.3,0
2133,0,3,53.2,0
2134,0,2,15.8,1
2135,1,1,0,0
2136,0,2,7.3,0
2137,1,1,3.6,0
2138,0,2,14.2,0
2139,0,3,36,1
2140,0,1,0,0
2141,0,1,2.3,0
2142,1,2,32.4,1
2143,1,2,14.8,0
2144,0,1,4.2,0
2145,1,2,34.6,1
2146,1,1,2.1,0
2147,0,2,8.7,0
2148,0,2,6.9,0
2149,0,2,0,0
2150,1,1,2.7,0
2151,0,2,16.5,0
2152,1,1,0,0
2153,0,2,0,0
2154,0,1,4.2,0
2155,1,1,5.4,0
2156,0,3,0,1
2157,0,1,1.5,0
2158,1,1,3.4,0
2159,1,1,0,0
2160,1,3,41.5,0
2161,1,1,5,0
2162,0,3,46,1
2163,1,3,0,0
2164,1,1,0,0
2165,0,1,5.2,0
2166,0,1,3.9,0
2167,0,1,0,0
2168,1,3,40.9,1
2169,1,3,57.1,0
2170,1,1,4.9,0
2171,1,3,40.1,0
2172,0,1,0.2,1
2173,0,3,41.9,1
2174,1,2,22.9,1
2175,1,1,0,1
2176,0,2,15.5,0
2177,1,2,24.3,1
2178,1,1,1.1,1
2179,0,1,5,0
2180,1,1,0.8,0
2181,1,2,0,0
2182,1,2,32.1,1
2183,1,2,13.4,0
2184,1,2,20.7,1
2185,1,2,34.4,1
2186,0,3,37.4,1
2187,1,2,33.3,1
2188,0,3,0,1
2189,1,2,29.2,1
2190,0,1,4,0
2191,1,3,0,0
2192,1,2,12.8,0
2193,0,3,56.7,1
2194,0,1,1.9,0
2195,0,2,15.1,0
2196,1,3,49.8,0
2197,1,3,37.1,1
2198,1,3,0,1
2199,1,1,2.7,0
2200,0,1,2.7,1
2201,1,1,1.7,0
2202,0,2,0,0
2203,1,3,40.7,1
2204,1,2,24.8,1
2205,0,3,49,1
2206,1,3,38.7,1
2207,1,3,0,0
2208,0,2,15.1,0
2209,1,2,14.8,0
2210,0,2,0,0
2211,1,1,0.7,0
2212,1,3,55.7,0
2213,1,1,2.9,0
2214,1,2,32.3,1
2215,1,2,16.6,0
2216,1,1,3,0
2217,1,2,0,0
2218,0,2,0,0
2219,0,2,8,0
2220,0,1,2.7,1
2221,1,2,30.6,1
2222,0,2,17.7,0
2223,0,1,3.4,0
2224,1,3,47,1
2225,0,2,10.7,0
2226,0,1,1.1,0
2227,0,1,0,0
2228,1,2,19.4,0
2229,0,2,17.9,1
2230,0,2,17.3,1
2231,1,1,4.4,0
2232,1,3,38.1,1
2233,0,3,44.7,0
2234,1,3,46.6,1
2235,1,2,25.9,1
2236,0,1,0,0
2237,0,1,3.9,1
2238,1,2,27.6,1
2239,0,3,52.4,0
2240,1,3,40,0
2241,1,1,0,0
2242,0,2,13.4,1
2243,1,2,32.2,1
2244,0,1,1.8,1
2245,1,1,1.3,1
2246,1,3,40.5,1
2247,0,2,14.8,0
2248,1,3,57.7,0
2249,0,1,5.4,0
2250,1,1,0,0
2251,1,3,0,1
2252,0,2,8.8,0
2253,0,2,0,0
2254,0,1,5.8,0
2255,1,1,0,1
2256,0,3,36.4,0
2257,0,2,10.9,0
2258,0,2,9.7,0
2259,0,3,57,1
2260,1,1,0,0
2261,1,2,0,0
2262,0,2,6.9,0
2263,0,2,8.2,0
2264,0,1,0,0
2265,0,1,0,0
2266,1,2,31.4,1
2267,0,1,0,1
2268,1,3,39.6,1
2269,1,1,0,0
2270,0,1,0,0
2271,0,2,16.4,0
2272,1,3,48.2,1
2273,1,1,4,0
2274,1,2,16.3,1
2275,1,2,33.7,1
2276,0,3,59,1
2277,1,2,0,0
2278,1,1,3.5,0
2279,1,1,2.5,0
2280,0,3,49.8,1
2281,0,1,0.8,0
2282,1,3,50.6,0
2283,1,3,0,0
2284,0,3,57.7,0
2285,1,2,14.3,0
2286,1,3,0,1
2287,0,2,6.3,0
2288,0,2,0,0
2289,1,3,56.8,0
2290,0,1,0.2,0
2291,1,3,48.7,1
2292,0,2,10.4,0
2293,0,3,40.2,0
2294,1,3,36.9,0
2295,1,3,39.2,1
2296,1,1,0.1,0
2297,0,2,10.1,0
2298,0,3,0,0
2299,0,2,11.6,1
2300,1,2,23.8,1
2301,1,3,49.6,0
2302,0,1,0.3,0
2303,0,2,6.4,0
2304,1,2,35.6,1
2305,0,1,3.5,0
2306,1,1,5.9,0
2307,1,1,4.1,0
2308,0,1,0.7,0
2309,0,2,0,0
2310,0,3,39,0
2311,1,2,15.6,0
2312,1,2,0,0
2313,1,3,0,0
2314,0,2,0,0
2315,1,3,47.8,1
2316,1,1,3.7,0
2317,0,2,13.7,0
2318,1,3,46.1,0
2319,0,2,12.5,0
2320,0,2,7.6,0
2321,1,1,0.3,0
2322,1,3,47.3,0
2323,1,2,25.9,1
2324,0,3,49.1,1
2325,1,2,0,0
2326,1,2,31.4,1
2327,0,3,0,1
2328,1,2,30.6,1
2329,1,1,0,0
2330,1,1,0.5,0
2331,1,3,37.2,0
2332,0,3,36.9,0
2333,1,2,34.8,1
2334,1,2,29.1,1
2335,1,2,26,0
2336,1,2,34.5,1
2337,1,2,0,0
2338,1,1,2.5,0
2339,1,3,44.5,1
2340,1,1,0,0
2341,1,2,20.8,1
2342,0,3,37.6,0
2343,0,2,12.8,0
2344,1,1,1.7,0
2345,1,3,0,0
2346,0,3,49.9,1
2347,0,1,4.1,0
2348,1,1,1.8,1
2349,0,1,5.7,1
2350,0,1,5.4,0
2351,1,2,35.9,1
2352,1,1,0,0
2353,1,3,52.8,1
2354,1,1,5.6,1
2355,1,1,0,0
2356,1,1,0.6,0
2357,1,1,0.2,0
2358,0,3,38.7,1
2359,1,3,36.3,1
2360,1,1,5.3,0
2361,0,3,44.7,0
2362,1,3,38.8,0
2363,1,2,31.6,1
2364,1,1,3.1,0
2365,0,3,55.5,0
2366,0,1,0,0
2367,0,3,0,1
2368,0,3,37.6,0
2369,0,1,0,1
2370,0,1,3.9,1
2371,1,3,53,1
2372,0,2,15.9,1
2373,1,2,34.2,1
2374,0,3,49.5,1
2375,1,1,0,0
2376,1,3,0,1
2377,0,2,8,0
2378,0,3,44.8,1
2379,1,2,13.5,0
2380,0,1,4.8,0
2381,1,2,26.2,1
2382,0,3,50.9,1
2383,1,3,58.5,1
2384,1,2,30.2,1
2385,0,3,0,0
2386,0,1,2.2,0
2387,0,3,51.5,0
2388,0,2,13.4,0
2389,1,2,0,0
2390,1,2,21.2,0
2391,0,2,15.4,0
2392,1,3,58.1,0
2393,0,1,5.5,0
2394,0,1,0,0
2395,1,2,15,0
2396,1,1,2.9,0
2397,0,1,0,0
2398,1,2,0,0
2399,0,3,59.7,0
2400,1,2,19.6,1
2401,0,2,16.9,1
2402,0,1,0,0
2403,0,2,0,0
2404,1,1,5.8,0
2405,0,1,2.5,0
2406,1,3,58.3,0
2407,0,3,54,0
2408,1,2,27.3,1
2409,1,1,5.2,1
2410,1,1,0,0
2411,1,3,39.1,0
2412,1,1,1.1,0
2413,0,3,43.1,0
2414,1,1,5.1,0
2415,0,3,42.7,1
2416,1,1,2.2,0
2417,0,1,1.7,1
2418,0,3,36.7,1
2419,1,2,14.1,0
2420,0,2,10.3,0
2421,0,2,15.7,0
2422,1,2,0,0
2423,0,2,0,0
2424,1,2,19.7,0
2425,0,1,0.2,0
2426,0,1,5.7,1
2427,0,3,57.1,1
2428,0,1,4.9,0
2429,1,2,26.3,1
2430,0,1,1.7,1
2431,0,2,16.2,1
2432,0,2,0,0
2433,1,2,23.5,1
2434,1,3,52.4,1
2435,0,2,0,0
2436,0,2,9.1,0
2437,0,3,45.7,0
2438,0,2,0,0
2439,1,2,26.4,1
2440,0,2,14,1
2441,1,1,3,0
2442,1,2,19,0
2443,0,1,5.9,1
2444,0,1,0,0
2445,1,1,4.8,0
2446,1,2,22,0
2447,1,2,23.9,0
2448,0,2,14.8,0
2449,1,2,12.6,1
2450,0,3,0,0
2451,0,2,16,0
2452,1,3,55.4,1
2453,1,3,38,1
2454,1,3,37,0
2455,0,3,0,0
2456,0,1,5.2,0
2457,1,3,54.3,0
2458,1,1,5.6,0
2459,0,3,49.8,1
2460,1,3,59.1,0
2461,1,1,4.2,0
2462,0,2,15.7,0
2463,1,1,0,0
2464,0,2,12.2,0
2465,1,1,0.5,0
2466,1,2,15.7,0
2467,1,3,43.7,1
2468,1,3,0,1
2469,1,1,1,0
2470,1,1,1.8,0
2471,1,2,27,1
2472,0,2,14.3,0
2473,1,2,0,0
2474,1,1,2.2,0
2475,0,3,45.1,0
2476,0,2,16.2,0
2477,1,2,18,0
2478,0,3,52.1,0
2479,1,3,0,0
2480,1,3,49.2,1
2481,0,1,6,0
2482,0,3,43.3,1
2483,1,3,54.5,1
2484,1,2,33.8,1
2485,1,3,36.5,1
2486,1,3,51.8,1
2487,1,3,59,0
2488,0,3,0,0
2489,0,3,46.5,0
2490,0,3,53.8,0
2491,0,1,2.9,0
2492,1,2,30.6,1
2493,1,3,52.2,0
2494,1,2,19.8,0
2495,1,1,0,0
2496,0,2,0,0
2497,0,3,44.5,1
2498,1,2,0,0
2499,1,1,2.3,1
2500,0,3,41,1
2501,1,2,30.4,1
2502,0,3,54.1,1
2503,0,2,12.1,0
2504,0,3,0,1
2505,0,2,14.6,1
2506,1,1,2.3,0
2507,0,2,15.3,0
2508,0,3,51.1,0
2509,1,3,39.4,1
2510,1,1,4.3,1
2511,0,2,11.1,0
2512,0,1,5.7,0
2513,0,3,57.4,1
2514,1,2,0,0
2515,0,1,0,0
2516,1,2,12.3,0
2517,0,3,54.2,0
2518,0,1,3.8,0
2519,1,2,34.4,1
2520,0,1,4,0
2521,0,3,44.3,0
2522,1,1,3,0
2523,1,2,27.1,1
2524,0,1,1.6,1
2525,1,1,0,0
2526,0,2,0,0
2527,1,1,0,0
2528,1,1,3.2,0
2529,1,2,20.9,1
2530,0,2,9.6,0
2531,0,3,44.4,1
2532,1,2,15.4,0
2533,0,1,2.7,0
2534,1,1,0.4,0
2535,0,1,5.4,0
2536,1,3,59.4,1
2537,0,3,38.9,0
2538,0,2,6,0
2539,1,2,20.7,0
2540,0,3,0,1
2541,0,3,51.7,0
2542,0,3,44.6,1
2543,1,2,18.5,1
2544,0,2,15.5,0
2545,1,3,41.6,1
2546,0,1,0.8,1
2547,1,1,5.7,0
2548,1,1,1.2,1
2549,0,3,50.6,0
2550,1,3,53.1,1
2551,1,2,0,0
2552,1,2,0,0
2553,0,3,39,1
2554,0,1,0,0
2555,1,3,0,0
2556,1,2,13.5,1
2557,1,1,5.7,0
2558,0,3,58.6,0
2559,1,2,26.3,1
2560,1,1,4.7,0
2561,1,3,46.6,1
2562,1,3,39.6,1
2563,1,1,0,0
2564,0,2,15.6,1
2565,0,2,0,0
2566,1,3,39.9,0
2567,0,1,0.9,0
2568,1,2,25.3,1
2569,1,1,0,0
2570,0,1,1.8,1
2571,1,3,42.3,1
2572,0,1,2.3,0
2573,0,2,17.8,1
2574,0,1,4.5,0
2575,1,2,20.2,0
2576,1,2,12.6,1
2577,0,3,45.8,1
2578,1,1,3,0
2579,1,3,0,1
2580,0,2,6.7,0
2581,1,2,26.1,1
2582,0,1,3,0
2583,0,1,1.3,0
2584,0,1,0,0
2585,0,3,59,1
2586,0,1,0.3,0
2587,1,3,46.7,1
2588,0,1,0,0
2589,0,3,41,0
2590,0,1,5.6,0
2591,0,2,10.6,0
2592,0,1,3.5,0
2593,1,3,36.5,0
2594,1,2,19.4,0
2595,0,1,5.4,1
2596,0,2,0,0
2597,0,1,1.4,0
2598,1,2,15.2,0
2599,0,3,45.6,1
2600,1,3,38.2,0
2601,0,1,0,0
2602,0,3,0,1
2603,0,3,52.5,0
2604,1,2,26.7,1
2605,1,2,0,0
2606,0,3,46.8,0
2607,1,3,51.6,0
2608,1,1,3.1,0
2609,0,3,0,1
2610,0,3,49.4,0
2611,0,1,0,0
2612,1,2,34.1,1
2613,1,2,21.2,1
2614,1,3,0,0
2615,0,3,52.5,1
2616,0,1,0.2,0
2617,1,2,0,0
2618,1,1,0.4,1
2619,0,3,53.6,0
2620,1,2,31.8,1
2621,0,1,5.8,0
2622,1,1,0.6,1
2623,0,1,5.8,0
2624,0,3,46.5,1
2625,0,3,39.5,0
2626,1,1,0,0
2627,1,2,33.2,1
2628,0,2,14.1,0
2629,0,1,3.8,0
2630,1,2,0,0
2631,0,2,13,1
2632,1,3,43.3,0
2633,0,1,2.2,0
2634,1,3,52.7,0
2635,0,1,4.2,0
2636,0,2,14.7,0
2637,0,1,3,0
2638,1,1,5.4,0
2639,0,2,10.2,0
2640,1,1,1.3,1
2641,1,3,0,1
2642,0,2,7.8,0
2643,1,3,40.9,1
2644,0,2,11.9,0
2645,1,1,0.2,0
2646,0,1,3.6,0
2647,0,1,1.7,0
2648,1,3,54.5,1
2649,0,2,6.2,0
2650,1,3,59,0
2651,1,2,18,0
2652,1,1,0,0
2653,0,3,48.4,1
2654,0,3,51.9,0
2655,1,1,2.9,1
2656,0,1,0,0
2657,1,2,21,1
2658,1,2,24.5,1
2659,1,1,4.1,0
2660,0,2,14.6,0
2661,0,3,42.6,0
2662,1,3,38.8,0
2663,1,2,13.5,0
2664,1,3,47.2,0
2665,1,3,0,0
2666,0,3,58.1,0
2667,0,1,3.6,0
2668,0,2,6.4,0
2669,1,3,0,0
2670,0,2,9.1,0
2671,1,3,0,1
2672,1,1,0,0
2673,0,3,55.8,1
2674,0,2,17.5,0
2675,0,2,0,0
2676,0,2,17.4,1
2677,0,3,53.4,1
2678,1,3,58,0
2679,1,2,30.7,1
2680,1,2,15.7,0
2681,1,1,4.8,0
2682,0,2,12.7,0
2683,1,1,4.6,0
2684,0,2,7.7,0
2685,0,3,48.7,1
2686,0,3,47.6,1
2687,1,3,48.3,1
2688,0,3,56.3,0
2689,0,3,40.8,0
2690,1,2,32.6,1
2691,1,2,22.9,0
2692,1,2,0,0
2693,1,1,2.1,0
2694,0,3,51.5,1
2695,0,2,8.3,0
2696,1,3,58.5,0
2697,1,2,31.8,1
2698,1,3,44,0
2699,0,3,0,1
2700,1,2,22.7,1
2701,0,2,7,0
2702,0,2,0,0
2703,0,1,0.2,1
2704,1,1,0.3,0
2705,0,1,4.7,1
2706,1,1,2.7,0
2707,0,1,1.9,0
2708,1,1,0,0
2709,0,3,39.5,1
2710,0,2,0,0
2711,1,3,0,1
2712,1,2,12.5,0
2713,1,1,0.7,0
2714,0,3,50.6,1
2715,1,3,0,0
2716,0,3,0,1
2717,0,3,48.4,1
2718,1,2,31.9,1
2719,1,3,0,0
2720,0,1,4.6,0
2721,0,1,0,1
2722,1,1,3.2,0
2723,1,1,2.9,1
2724,1,3,49.4,0
2725,1,2,17.7,0
2726,1,1,0.3,0
2727,1,3,55.2,1
2728,0,2,8.5,0
2729,1,2,0,0
2730,1,3,48.6,0
2731,0,3,46,1
2732,1,3,0,1
2733,0,2,0,0
2734,1,3,46.6,0
2735,1,3,44.4,0
2736,1,2,16.9,0
2737,1,1,4.7,0
2738,1,1,4,0
2739,1,3,53.5,1
2740,0,3,48.2,0
2741,1,1,3.2,0
2742,0,1,5.3,1
2743,0,2,0,0
2744,1,1,1.4,0
2745,1,1,1.6,0
2746,0,2,9.7,0
2747,1,3,51.4,1
2748,0,2,13.7,1
2749,1,2,0,0
2750,1,2,32.2,1
2751,0,3,0,1
2752,1,2,0,0
2753,1,1,0.1,0
2754,0,3,0,0
2755,1,1,4.8,0
2756,1,3,42.2,0
2757,1,3,49.6,0
2758,0,1,2.5,0
2759,1,1,0.6,0
2760,0,1,2.6,1
2761,1,3,42.3,0
2762,1,1,1.5,0
2763,1,1,4.2,0
2764,0,3,55,0
2765,1,3,38.4,0
2766,1,3,57.7,1
2767,0,1,5.7,1
2768,0,1,4,0
2769,1,3,52.7,1
2770,1,2,14.2,0
2771,1,2,12,1
2772,1,3,51.1,0
2773,1,1,5.2,0
2774,0,1,0,0
2775,0,3,40.2,0
2776,1,3,37.6,0
2777,0,3,54.8,0
2778,1,3,45.8,0
2779,1,3,0,0
2780,1,3,59,0
2781,0,2,16.1,1
2782,1,2,31.6,1
2783,1,2,14.2,0
2784,0,1,2.7,0
2785,0,3,52.8,0
2786,1,2,23.4,1
2787,0,1,0.8,0
2788,1,2,35.1,1
2789,1,1,3.9,0
2790,1,3,55.6,0
2791,0,1,2.1,0
2792,0,3,0,0
2793,0,2,7.4,0
2794,0,1,1.6,1
2795,1,3,0,1
2796,1,3,53,1
2797,0,3,54.7,1
2798,0,1,2.2,0
2799,1,3,58.2,1
2800,1,3,38.2,0
2801,1,2,0,0
2802,1,3,37.8,1
2803,1,1,3.3,0
2804,0,3,0,1
2805,0,2,0,0
2806,0,1,2.3,1
2807,0,2,0,0
2808,1,3,40.1,0
2809,1,1,0,0
2810,0,3,44.9,1
2811,1,2,12.3,1
2812,1,1,0.9,1
2813,1,1,3.3,0
2814,1,2,0,0
2815,1,2,32.7,1
2816,1,2,13.1,1
2817,1,1,1.1,0
2818,0,3,52.9,0
2819,1,1,4.4,0
2820,0,2,11.5,0
2821,0,2,16,1
2822,0,1,0,1
2823,1,1,5.1,0
2824,1,2,32.5,1
2825,1,1,0,0
2826,0,2,13.3,0
2827,1,2,0,0
2828,1,1,0,1
2829,1,1,0,0
2830,1,1,4.7,0
2831,1,3,0,1
2832,1,2,30.2,1
2833,1,2,0,0
2834,1,3,57.4,0
2835,0,3,59,0
2836,1,2,13.8,0
2837,0,1,0.7,0
2838,0,2,11,0
2839,0,2,9.4,0
2840,1,2,34.4,1
2841,0,2,13.2,0
2842,0,1,0.3,1
2843,1,2,26,1
2844,0,3,43.9,1
2845,1,3,0,0
2846,1,2,34.4,1
2847,0,2,0,0
2848,0,3,36.3,0
2849,1,1,2.2,0
2850,1,2,16.4,0
2851,1,1,3.3,0
2852,0,2,16.6,1
2853,0,3,38,1
2854,1,1,5.4,0
2855,1,2,35.3,1
2856,1,1,0,0
2857,1,1,3.6,0
2858,1,2,16.1,1
2859,1,2,0,0
2860,0,1,0,0
2861,1,3,52.5,1
2862,1,3,53.4,1
2863,1,2,13.7,1
2864,1,3,47.3,1
2865,0,2,0,0
2866,1,2,14.4,0
2867,1,1,0,1
2868,0,3,43.1,1
2869,1,2,13.9,0
2870,0,2,9.1,0
2871,1,1,1.4,0
2872,1,3,47.8,1
2873,1,1,5.8,0
2874,0,3,0,1
2875,1,1,0,0
2876,1,3,46,0
2877,1,1,1.5,0
2878,0,3,0,0
2879,0,1,4.3,0
2880,1,2,34.3,1
2881,0,2,17.4,0
2882,1,1,3.5,0
2883,0,3,49.4,1
2884,1,3,41.6,0
2885,1,1,1.6,0
2886,0,2,10.2,0
2887,0,3,39.2,0
2888,1,2,0,0
2889,0,2,8.8,0
2890,0,1,5.8,0
2891,1,2,16.5,1
2892,1,2,33.8,1
2893,0,2,15.2,0
2894,1,3,44,0
2895,1,2,27.7,1
2896,1,3,50.2,0
2897,1,3,0,1
2898,0,1,0,1
2899,0,3,52.5,1
2900,0,2,0,0
2901,0,1,0,1
2902,0,3,45.4,1
2903,1,3,57.4,1
2904,1,3,36.9,0
2905,1,1,5,0
2906,1,3,47.7,0
2907,0,2,11.8,1
2908,0,3,41.6,1
2909,0,1,3.3,0
2910,0,3,40.5,1
2911,1,2,0,0
2912,1,1,0,1
2913,1,1,0.3,0
2914,0,2,13.3,0
2915,1,3,45.2,0
2916,1,2,28.1,1
2917,0,1,2.8,0
2918,1,3,56.5,0
2919,1,2,23.5,1
2920,1,2,23.9,1
2921,1,1,2.7,0
2922,1,1,4.5,0
2923,1,2,0,0
2924,1,2,22.9,1
2925,1,1,5,1
2926,1,2,25.4,1
2927,1,2,20.4,1
2928,1,1,0.8,0
2929,0,3,0,1
2930,0,1,3.1,0
2931,0,3,48.1,0
2932,1,2,32.7,1
2933,0,3,40,0
2934,1,1,4.8,0
2935,1,1,1.5,0
2936,1,2,18.7,0
2937,0,2,0,0
2938,0,2,0,0
2939,0,2,6.7,0
2940,0,2,17.3,0
2941,1,3,55.6,1
2942,1,1,4.1,1
2943,0,3,40.6,1
2944,1,1,1.6,0
2945,0,1,0.6,0
2946,1,2,34.1,1
2947,0,1,2.7,1
2948,1,2,19.4,0
2949,1,3,0,1
2950,1,2,29.6,1
2951,1,3,49.4,1
2952,1,3,0,1
2953,1,1,1.7,0
2954,0,1,4,0
2955,0,2,0,0
2956,0,2,8.7,0
2957,0,1,0,0
2958,0,3,54.5,1
2959,0,3,40,0
2960,0,2,0,0
2961,1,1,1.1,0
2962,1,1,2.3,0
2963,0,1,1.3,0
2964,0,2,0,0
2965,0,3,36.6,0
2966,0,2,12.6,0
2967,0,1,5.4,0
2968,1,1,5.5,0
2969,1,2,15.5,0
2970,0,1,5.7,0
2971,1,1,2,0
2972,1,3,42.1,0
2973,0,3,40.1,1
2974,0,2,10.4,0
2975,1,2,24.9,0
2976,1,3,39,0
2977,1,3,38,1
2978,1,1,4.2,0
2979,1,3,55.6,0
2980,1,2,0,0
2981,1,2,34.6,1
2982,0,3,52.3,0
2983,1,1,4.4,1
2984,1,2,0,0
2985,1,2,0,0
2986,1,1,2.1,0
2987,0,3,36.9,0
2988,0,2,12.4,0
2989,1,1,1.1,0
2990,1,2,26.2,1
2991,0,1,1.3,0
2992,0,3,47.1,1
2993,0,3,36.9,0
2994,1,3,0,1
2995,1,3,44.3,0
2996,1,1,5,0
2997,1,3,47.2,0
2998,1,3,38.3,0
2999,0,2,8.5,0
3000,0,3,58.3,0
3001,0,3,0,1
3002,0,1,3.4,0
3003,0,1,0.1,0
3004,0,3,52,0
3005,0,1,3.6,0
3006,1,3,46.2,1
3007,1,1,6,0
3008,0,1,0,0
3009,0,2,16.7,0
3010,1,2,33.7,1
3011,1,1,0.5,0
3012,1,1,3.3,0
3013,1,3,60,1
3014,0,1,0.1,0
3015,0,3,36.6,0
3016,0,2,15.9,1
3017,0,2,0,0
3018,1,1,1,0
3019,0,3,38.8,1
3020,1,3,55.3,0
3021,1,2,18.3,0
3022,1,2,24.9,0
3023,1,2,29.6,1
3024,1,1,1.3,0
3025,0,2,15.4,0
3026,0,1,2.6,0
3027,0,2,7.1,0
3028,1,1,4.2,0
3029,1,2,15.5,0
3030,0,3,58.7,1
3031,1,1,1.6,0
3032,0,2,14.6,0
3033,0,3,44,1
3034,1,1,4.6,0
3035,0,2,14,1
3036,1,1,0,0
3037,0,2,8.1,0
3038,1,3,50.3,0
3039,0,3,45.5,1
3040,1,3,0,0
3041,1,1,0,0
3042,0,1,4.4,0
3043,1,3,56.5,1
3044,1,1,5.5,1
3045,1,3,49.3,1
3046,0,2,8.5,0
3047,1,1,3.7,0
3048,1,1,2.4,0
3049,1,2,28.4,1
3050,0,2,6.6,0
3051,0,3,52,1
3052,0,3,0,1
3053,1,1,1.2,1
3054,1,2,13,0
3055,1,2,24.2,1
3056,1,2,30.9,1
3057,1,1,4.1,0
3058,0,2,9.6,0
3059,1,2,0,0
3060,0,3,42.9,0
3061,1,1,0,0
3062,0,3,54.5,1
3063,1,3,59.4,0
3064,0,2,13.2,0
3065,0,1,3.6,0
3066,1,2,22.8,0
3067,1,1,1.5,0
3068,0,2,7.7,0
3069,0,1,1.2,0
3070,0,1,1.6,1
3071,0,1,0,0
3072,0,3,58.2,1
3073,1,2,34.2,1
3074,1,2,16.1,0
3075,1,3,0,0
3076,1,3,42.4,1
3077,1,3,40.9,1
3078,0,3,57.5,0
3079,0,2,16.6,1
3080,1,3,0,1
3081,1,3,58.3,0
3082,1,2,27.7,1
3083,1,3,0,0
3084,1,1,0,0
3085,0,2,6.2,0
3086,1,3,52.9,0
3087,1,3,37.7,0
3088,0,2,15.7,0
3089,0,1,5,0
3090,1,3,53.9,1
3091,1,2,16.8,1
3092,0,3,59,1
3093,0,1,1.5,1
3094,0,3,43.5,0
3095,1,2,15.4,0
3096,1,1,4.9,0
3097,1,2,29.9,1
3098,1,2,27.8,1
3099,0,2,8.3,0
3100,1,3,56.5,1
3101,0,1,1.7,0
3102,0,1,2.1,1
3103,0,3,39.3,1
3104,0,2,15,0
3105,0,2,10.8,1
3106,1,3,38.2,1
3107,1,1,2.9,0
3108,1,1,0,0
3109,1,3,0,1
3110,1,1,2.7,0
3111,0,2,8.2,0
3112,0,3,58,1
3113,1,3,0,1
3114,0,1,0.3,0
3115,1,2,0,0
3116,1,2,0,0
3117,0,1,1,0
3118,1,2,15.9,0
3119,1,3,48.4,1
3120,1,1,4.6,0
3121,0,1,3.6,0
3122,1,1,4.1,0
3123,1,2,0,0
3124,1,3,47.7,0
3125,0,2,6.8,0
3126,1,1,1.2,0
3127,0,3,46.8,0
3128,1,2,18.5,0
3129,1,2,0,0
3130,1,2,16.2,0
3131,1,1,0.5,0
3132,0,2,10.8,0
3133,0,2,11.4,0
3134,0,1,1.1,0
3135,0,1,0,0
3136,0,1,1.9,0
3137,0,1,5.7,1
3138,0,3,53.7,0
3139,1,1,3,1
3140,0,3,57.5,1
3141,0,1,5.4,0
3142,1,2,34.5,1
3143,1,2,16,0
3144,1,2,0,0
3145,1,1,0,0
3146,1,3,48,1
3147,0,3,49.2,1
3148,0,3,56.9,0
3149,1,3,47.8,1
3150,0,3,49.1,0
3151,1,1,4.2,0
3152,0,3,40.7,0
3153,0,3,0,0
3154,0,3,51.2,0
3155,0,2,15.8,1
3156,1,2,16.4,1
3157,0,3,45.2,1
3158,0,1,1.4,0
3159,1,1,1.8,0
3160,0,1,5.2,0
3161,1,3,46.2,1
3162,0,2,0,0
3163,0,1,4.6,0
3164,1,3,57.9,1
3165,0,2,10.7,0
3166,0,1,2.6,0
3167,0,2,17.4,0
3168,0,3,42.9,0
3169,1,3,57.4,1
3170,0,1,3.3,0
3171,0,1,0,0
3172,1,2,18.7,1
3173,0,1,5.3,0
3174,0,1,5.2,0
3175,0,2,0,0
3176,0,3,52.5,1
3177,1,2,0,0
3178,0,2,0,0
3179,1,2,14.5,0
3180,0,3,38.1,1
3181,1,2,27.2,1
3182,1,3,53.9,1
3183,0,2,11.5,0
3184,1,2,27.2,1
3185,1,1,5.9,0
3186,1,3,51.4,0
3187,0,3,40.8,0
3188,1,3,51.8,1
3189,0,2,11.4,0
3190,1,3,0,1
3191,1,2,16.9,0
3192,0,1,4.3,0
3193,1,3,48,1
3194,0,3,41.7,1
3195,1,1,5.9,0
3196,1,3,53.9,0
3197,0,1,4.3,0
3198,1,2,16.8,0
3199,1,1,0.1,0
3200,0,1,0.7,1
3201,1,2,21.4,0
3202,1,1,0,0
3203,1,3,36.6,0
3204,0,3,0,0
3205,0,3,48.8,0
3206,0,1,1.3,0
3207,1,2,32.7,1
3208,1,2,0,0
3209,1,1,3.2,0
3210,0,2,13.1,0
3211,0,1,2.7,0
3212,0,1,4.9,0
3213,0,2,17.8,1
3214,1,2,21.4,0
3215,0,3,37,0
3216,0,1,0.2,0
3217,1,3,44.8,0
3218,0,1,1.9,0
3219,0,3,45.7,0
3220,1,2,35.4,1
3221,1,1,5.4,0
3222,1,1,2.4,0
3223,1,1,0,0
3224,0,1,3.1,0
3225,1,3,55.8,0
3226,0,2,15.8,0
3227,0,3,0,1
3228,0,1,2.7,0
3229,0,3,42.6,1
3230,0,1,3.2,0
3231,1,1,3.3,0
3232,0,1,0.8,0
3233,0,3,53,0
3234,0,3,57.4,0
3235,0,1,1.1,0
3236,1,1,0,0
3237,1,1,0.9,0
3238,0,2,16,0
3239,1,3,55.6,1
3240,1,2,0,0
3241,0,1,1.9,1
3242,1,2,30.5,1
3243,1,3,0,0
3244,0,3,39.7,1
3245,1,3,37.8,0
3246,0,1,5.4,0
3247,1,2,0,0
3248,0,1,2,0
3249,0,2,9,0
3250,1,1,2,0
3251,0,1,2,1
3252,1,3,55.5,0
3253,1,3,48.8,1
3254,1,2,12.7,0
3255,0,1,3.9,0
3256,0,2,8.9,0
3257,1,3,38.6,0
3258,0,1,4.3,0
3259,0,2,13,0
3260,0,3,39.1,1
3261,0,2,13.5,0
3262,0,3,56.1,1
3263,1,2,32.6,1
3264,0,3,51.9,1
3265,0,2,8,0
3266,0,3,47.9,1
3267,1,3,45.2,0
3268,1,2,18,1
3269,0,3,42.9,0
3270,1,1,6,1
3271,0,2,17.1,0
3272,0,2,16.4,0
3273,0,3,46.4,0
3274,1,2,13.1,0
3275,0,2,12.9,0
3276,1,3,38.3,1
3277,0,1,0,0
3278,0,3,57.5,0
3279,1,2,12.4,0
3280,0,3,43.6,0
3281,0,1,5.3,0
3282,1,3,59.8,1
3283,0,3,48.3,1
3284,0,2,0,0
3285,0,1,0.6,0
3286,1,3,56.4,0
3287,0,1,3.3,0
3288,1,1,5.4,0
3289,1,3,43,0
3290,0,1,0,0
3291,0,3,46.2,1
3292,0,2,16.9,0
3293,1,2,0,0
3294,0,3,38,0
3295,1,1,2.5,0
3296,1,3,0,1
3297,1,2,29.3,1
3298,1,1,5.8,1
3299,0,3,56.8,1
3300,0,2,13.8,1
3301,1,3,50,1
3302,1,1,0.1,0
3303,0,1,0,0
3304,1,1,0,0
3305,1,1,0,0
3306,1,1,0,0
3307,1,2,31.7,1
3308,0,2,13.9,0
3309,1,1,2.2,0
3310,0,1,0,1
3311,1,1,0,0
3312,1,1,4.4,0
3313,1,2,13.1,0
3314,1,2,28.4,1
3315,0,2,12.3,0
3316,0,2,7.6,0
3317,1,2,27.6,1
3318,1,3,47.7,0
3319,0,1,2.5,0
3320,0,3,47.4,1
3321,1,3,49.5,0
3322,0,3,39.4,0
3323,1,2,33.9,1
3324,0,3,55.1,0
3325,0,3,47.7,0
3326,0,1,3.7,0
3327,0,2,12,0
3328,1,3,53.1,1
3329,1,1,0,0
3330,1,3,52.5,1
3331,0,3,37.1,1
3332,1,1,5.4,0
3333,1,3,0,1
3334,1,3,0,1
3335,0,3,43.5,1
3336,1,2,15.5,0
3337,0,1,0.8,0
3338,0,2,6.4,0
3339,1,1,1.9,0
3340,0,3,46.2,0
3341,1,2,29.5,1
3342,1,2,32.4,1
3343,0,1,3.5,0
3344,1,3,47.6,0
3345,0,1,2,0
3346,1,3,0,1
3347,1,2,26.4,1
3348,0,1,3.6,0
3349,0,2,13.6,1
3350,0,1,5.4,0
3351,0,2,10.8,0
3352,1,3,36.9,0
3353,0,1,1.4,0
3354,1,3,49.9,1
3355,0,3,44.6,0
3356,1,3,49.5,0
3357,1,1,2.7,0
3358,0,2,11.8,0
3359,0,3,45.6,1
3360,1,1,1.3,0
3361,0,2,0,0
3362,0,1,0,0
3363,0,3,49.8,1
3364,1,1,4.9,0
3365,1,2,17.6,0
3366,1,2,29,1
3367,1,2,0,0
3368,1,3,47.4,0
3369,0,2,8.4,0
3370,0,1,3.6,0
3371,0,2,9.8,0
3372,0,1,0.4,0
3373,1,2,19.2,1
3374,1,3,57.6,1
3375,1,1,2.8,0
3376,0,3,36.7,1
3377,1,1,0.9,0
3378,1,1,0,0
3379,1,3,43.3,0
3380,0,1,0.4,0
3381,1,2,25.1,1
3382,1,2,17,0
3383,0,2,10.4,0
3384,1,2,12.8,0
3385,1,2,16,1
3386,1,2,23.8,1
3387,1,2,13.7,0
3388,1,3,40.8,1
3389,1,2,14.6,1
3390,1,2,0,0
3391,0,3,36.7,0
3392,1,3,46.1,0
3393,0,1,4.2,0
3394,1,2,27.6,1
3395,1,2,28.8,1
3396,0,1,1.8,0
3397,0,2,16.3,1
3398,1,1,1.1,0
3399,1,1,0.3,0
3400,1,2,25,1
3401,1,2,34.5,1
3402,1,2,23,1
3403,0,2,15.5,0
3404,0,3,57.5,0
3405,1,1,0,0
3406,1,1,0,0
3407,1,3,58.5,0
3408,1,3,54.7,0
3409,1,3,54.9,0
3410,0,2,7,0
3411,1,1,4.6,0
3412,1,1,0,0
3413,0,2,7.4,0
3414,1,1,0,0
3415,0,3,54.3,1
3416,1,1,0,1
3417,1,2,17.4,0
3418,1,2,13.7,0
3419,1,3,46.2,0
3420,0,1,2.3,0
3421,0,1,4.3,0
3422,1,3,55.8,0
3423,1,1,3.9,0
3424,1,2,0,0
3425,0,1,0.9,0
3426,1,3,55.1,1
3427,1,1,1.8,0
3428,1,1,0,0
3429,0,1,0,0
3430,0,2,8,0
3431,0,2,11.2,0
3432,0,2,17,1
3433,1,1,5.2,0
3434,0,3,40.7,1
3435,1,1,2.6,0
3436,1,1,0,0
3437,0,2,0,0
3438,0,2,11.4,0
3439,0,3,0,1
3440,1,3,44,1
3441,0,2,13.2,0
3442,0,2,11.3,1
3443,1,1,4.5,0
3444,1,3,0,0
3445,1,2,32.4,1
3446,1,3,0,1
3447,1,1,5.7,0
3448,0,3,0,1
3449,0,1,2.2,0
3450,0,2,15.4,1
3451,0,2,16.9,1
3452,0,3,53,1
3453,0,2,0,0
3454,0,1,4.5,0
3455,1,1,0,1
3456,1,2,0,0
3457,0,1,6,0
3458,0,3,56.4,0
3459,1,2,29.7,1
3460,0,1,0.9,0
3461,1,2,0,0
3462,1,1,5.6,0
3463,0,1,0.8,1
3464,0,3,51.2,0
3465,0,3,51.8,0
3466,0,2,17.5,1
3467,1,1,4.8,1
3468,0,1,4.9,1
3469,1,2,26,1
3470,0,3,48.4,1
3471,1,2,24.1,1
3472,0,2,11.2,0
3473,1,2,0,0
3474,1,1,0,0
3475,0,3,38.3,1
3476,0,3,0,0
3477,1,3,45.7,1
3478,0,3,54.5,0
3479,0,3,0,0
3480,0,1,1.5,0
3481,0,2,12.3,0
3482,1,3,0,1
3483,0,1,2.4,0
3484,1,2,26.3,1
3485,1,1,0,0
3486,0,2,14.1,0
3487,0,3,39.6,0
3488,0,3,55.3,0
3489,1,3,41.9,1
3490,1,2,13.2,0
3491,0,1,0.2,0
3492,0,3,42.2,0
3493,1,2,20.8,1
3494,1,1,4.7,0
3495,0,2,8.6,0
3496,0,3,41.9,1
3497,1,2,0,0
3498,0,1,1.3,0
3499,1,1,4.1,0
3500,1,3,37.6,0
3501,1,1,0,0
3502,0,3,56.2,1
3503,0,3,45.1,1
3504,1,2,0,0
3505,0,3,51.6,0
3506,1,3,58.9,1
3507,0,3,36.6,0
3508,0,2,9,0
3509,0,3,0,1
3510,1,3,36.4,1
3511,1,1,4.5,0
3512,0,1,4.9,0
3513,0,3,39.4,1
3514,0,1,0.3,0
3515,1,2,16.5,0
3516,0,2,0,0
3517,1,3,40.5,1
3518,1,2,18.8,1
3519,0,3,40.3,0
3520,1,3,59.8,1
3521,1,3,0,0
3522,0,2,0,0
3523,0,1,2.3,0
3524,1,1,5.6,0
3525,1,1,4.4,0
3526,1,2,0,0
3527,0,1,2,0
3528,1,2,23.3,1
3529,1,2,31.3,1
3530,0,3,53.4,0
3531,0,3,42.2,0
3532,1,2,18,0
3533,0,3,49.2,1
3534,0,2,8.7,0
3535,1,2,17.6,0
3536,1,2,22.9,1
3537,1,3,56.9,1
3538,0,1,2.8,0
3539,0,2,0,0
3540,1,1,1.2,0
3541,1,1,1.6,0
3542,0,3,0,1
3543,0,3,53.1,1
3544,0,1,2,0
3545,1,2,27.1,1
3546,0,1,5.1,0
3547,0,3,47.5,1
3548,1,2,29,1
3549,1,2,0,0
3550,1,2,22.1,0
3551,1,2,27.7,1
3552,0,1,1.1,0
3553,1,2,14.8,0
3554,1,1,2.6,0
3555,0,3,0,0
3556,1,1,0,0
3557,0,1,5.2,0
3558,0,1,2.8,0
3559,1,2,27.4,1
3560,0,1,2.9,0
3561,1,3,59.9,1
3562,1,1,3.6,1
3563,0,2,0,0
3564,1,3,56,0
3565,1,2,0,0
3566,1,3,37.6,1
3567,1,3,0,0
3568,0,1,2.1,0
3569,0,2,7.1,0
3570,1,2,19,1
3571,1,2,0,0
3572,0,2,8.9,0
3573,1,2,12.8,0
3574,0,2,14,1
3575,0,2,0,0
3576,1,3,56.3,0
3577,0,3,0,0
3578,0,2,10.7,0
3579,1,1,1.2,0
3580,1,1,0,0
3581,1,2,0,0
3582,0,3,57.4,1
3583,1,3,0,0
3584,0,1,0,0
3585,0,3,55.5,1
3586,0,2,17.8,1
3587,0,3,44.2,0
3588,1,1,0,0
3589,1,1,0,0
3590,0,1,1.6,0
3591,0,3,0,1
3592,1,2,0,0
3593,1,2,0,0
3594,0,1,5,0
3595,1,1,0,0
3596,1,1,4.5,1
3597,1,3,46.2,1
3598,0,1,0,0
3599,0,1,4.7,0
3600,1,3,53.4,1
3601,1,1,0,0
3602,1,1,5.6,0
3603,1,1,0,0
3604,1,1,3.7,0
3605,1,1,1.5,0
3606,0,3,43.4,1
3607,0,1,5.2,0
3608,0,1,4.6,0
3609,1,1,0,0
3610,0,3,38.3,0
3611,1,2,20.3,0
3612,1,1,0,0
3613,1,2,33.7,1
3614,1,1,5.3,0
3615,0,1,1,0
3616,1,2,23.5,1
3617,1,2,18,0
3618,0,1,0,0
3619,0,3,46,1
3620,1,3,57.5,1
3621,0,1,2.3,0
3622,0,2,16.3,0
3623,1,3,0,0
3624,1,3,48.1,1
3625,1,2,33,1
3626,1,1,1,0
3627,0,3,0,0
3628,1,1,2.9,0
3629,0,1,0,0
3630,0,3,55.1,0
3631,1,1,0,0
3632,1,2,14.8,0
3633,0,3,42.6,1
3634,1,3,55.6,1
3635,1,1,1.3,1
3636,0,2,12.4,0
3637,0,2,16.2,1
3638,0,1,1.6,0
3639,1,1,3.3,0
3640,0,1,0,0
3641,1,1,5.5,0
3642,1,2,21.4,1
3643,0,1,0,0
3644,0,3,38.2,0
3645,0,1,4.4,0
3646,1,3,37.5,1
3647,0,1,0,1
3648,0,2,14.6,0
3649,0,2,10.3,0
3650,1,1,4.2,0
3651,1,1,1.6,0
3652,1,3,56,0
3653,0,1,0.7,0
3654,1,3,57.9,0
3655,1,2,14.9,0
3656,0,3,0,0
3657,1,2,35.7,1
3658,1,3,38.3,0
3659,1,3,38.9,1
3660,1,2,30.7,1
3661,1,3,41.9,0
3662,1,3,41.7,0
3663,0,1,2.7,0
3664,1,2,0,0
3665,1,2,13.7,1
3666,0,2,17.7,1
3667,1,3,36.5,1
3668,1,3,54.8,1
3669,0,2,11.1,0
3670,1,2,26.8,1
3671,0,2,0,0
3672,1,3,0,1
3673,1,2,12.6,0
3674,1,2,0,0
3675,0,1,6,0
3676,1,1,1.5,0
3677,1,2,23.5,1
3678,1,2,21.3,0
3679,0,3,59.7,1
3680,1,3,0,0
3681,0,2,0,0
3682,1,3,45.8,1
3683,0,1,0,1
3684,0,3,0,1
3685,0,2,14.2,0
3686,1,3,42.2,0
3687,1,1,2.9,0
3688,0,2,6.6,0
3689,1,2,35.3,1
3690,0,1,2.9,0
3691,1,2,18.7,1
3692,1,3,40.1,0
3693,0,1,0,0
3694,0,2,0,0
3695,1,3,46.6,1
3696,1,2,12.2,0
3697,1,1,0,0
3698,1,3,59.4,0
3699,0,2,15.5,1
3700,0,1,4,0
3701,0,1,3.2,0
3702,0,3,41,1
3703,1,2,16.5,0
3704,0,1,1.8,0
3705,1,1,4.5,0
3706,1,3,36.5,0
3707,0,1,4.4,0
3708,1,2,32.2,1
3709,1,3,59.9,0
3710,0,3,54.1,1
3711,0,1,0.7,0
3712,1,3,53.8,1
3713,0,3,53.8,1
3714,1,2,17.6,1
3715,0,3,0,0
3716,1,3,58.7,1
3717,1,3,53.1,0
3718,0,2,8.7,0
3719,0,3,40,0
3720,1,3,48.4,0
3721,0,2,16,0
3722,1,2,31,1
3723,1,2,0,0
3724,1,1,4.2,0
3725,1,2,12.6,0
3726,1,1,0,0
3727,0,2,16.6,1
3728,1,2,33.7,1
3729,0,2,0,0
3730,0,1,0,0
3731,1,3,44,1
3732,1,3,0,0
3733,1,1,3.8,0
3734,0,3,39,1
3735,1,2,13.8,0
3736,1,1,2.1,0
3737,1,3,49.8,0
3738,1,1,2.1,1
3739,0,2,12.4,0
3740,0,2,10.5,0
3741,0,1,1.4,0
3742,1,1,5.4,0
3743,0,2,8.2,0
3744,1,3,56.2,0
3745,0,1,2.6,1
3746,0,2,12.6,0
3747,0,2,13,0
3748,1,1,3.7,0
3749,1,2,0,0
3750,1,3,56.7,0
3751,1,1,2.5,0
3752,1,3,50.5,1
3753,0,2,9.9,0
3754,0,1,0,0
3755,0,3,41.7,1
3756,0,2,8.7,0
3757,0,2,6.7,0
3758,1,2,15,0
3759,1,1,0,0
3760,0,2,9.5,0
3761,1,2,0,0
3762,1,3,59,1
3763,0,1,0,0
3764,1,3,50.1,1
3765,0,3,56.6,1
3766,0,1,5.3,0
3767,0,1,5,0
3768,1,3,40.8,0
3769,1,2,17.3,1
3770,1,1,0.2,0
3771,0,2,7.4,0
3772,1,1,3,0
3773,1,1,5,0
3774,0,2,7.9,0
3775,1,2,31.1,1
3776,1,2,0,0
3777,0,3,0,1
3778,0,1,0.4,0
3779,0,1,3.3,0
3780,0,3,0,0
3781,0,2,7,0
3782,0,3,49.6,0
3783,0,2,15.3,0
3784,0,1,4.6,0
3785,1,3,50.4,1
3786,1,3,53.7,1
3787,0,2,7.3,0
3788,1,2,30,1
3789,1,1,5.8,0
3790,0,1,2.5,0
3791,0,2,12.8,0
3792,1,3,39.2,1
3793,0,2,10.1,0
3794,0,3,53.3,1
3795,1,2,0,0
3796,1,1,0.3,0
3797,0,2,0,0
3798,1,2,19.5,1
3799,0,1,1.1,0
3800,0,2,15,1
3801,0,3,42.9,0
3802,1,3,46.3,1
3803,0,3,38,0
3804,1,2,22.7,1
3805,0,1,1.4,0
3806,0,2,15.2,0
3807,1,2,17.6,1
3808,0,1,0,0
3809,0,2,6.3,0
3810,1,2,27,1
3811,0,1,5.2,0
3812,1,3,38.1,1
3813,0,3,0,0
3814,1,1,2.5,1
3815,0,2,15.1,1
3816,0,3,39.1,0
3817,0,1,5.3,0
3818,0,3,51.7,1
3819,0,2,9.3,0
3820,0,1,0.9,0
3821,1,2,33.1,1
3822,0,1,0,0
3823,1,1,1.5,0
3824,1,2,24.2,1
3825,1,1,2.4,0
3826,1,1,0,0
3827,1,3,0,0
3828,0,2,7.1,0
3829,0,1,2.1,0
3830,0,3,0,0
3831,1,3,37.5,0
3832,1,1,3.8,0
3833,0,3,54.6,1
3834,1,1,0,0
3835,1,1,6,1
3836,0,2,11.6,1
3837,1,1,3.2,0
3838,0,3,0,0
3839,1,3,47.3,0
3840,1,3,42.1,1
3841,0,3,52.1,0
3842,1,2,16.4,1
3843,1,2,32.6,1
3844,0,3,0,1
3845,0,1,1,0
3846,1,2,0,0
3847,0,1,0.4,1
3848,1,1,3.8,0
3849,1,2,13.3,0
3850,0,2,0,0
3851,0,2,12,0
3852,0,1,0,0
3853,1,1,0,0
3854,0,1,5,0
3855,1,2,25.2,0
3856,1,1,0.7,0
3857,0,3,0,1
3858,1,2,34.6,1
3859,0,2,15,0
3860,0,2,10.4,0
3861,1,3,56.9,1
3862,0,1,3.1,0
3863,1,1,5.3,0
3864,0,3,54.8,1
3865,1,3,59.1,1
3866,1,1,4.3,0
3867,1,2,19.3,1
3868,1,2,31.2,1
3869,1,1,2.7,0
3870,0,2,0,0
3871,0,2,14.7,0
3872,0,1,2.7,0
3873,0,3,49.3,0
3874,0,1,0.5,1
3875,0,1,1.3,0
3876,1,2,0,0
3877,1,3,0,0
3878,1,1,3.1,0
3879,1,1,1.7,1
3880,0,2,11.9,0
3881,1,2,31.3,1
3882,0,3,0,0
3883,1,1,0.9,0
3884,0,3,0,0
3885,1,1,2.6,0
3886,0,1,4.1,0
3887,1,2,0,0
3888,1,1,0,0
3889,0,2,16.9,1
3890,1,2,34,1
3891,0,3,37.9,0
3892,1,2,34.8,1
3893,1,1,0.7,0
3894,1,1,2.1,0
3895,1,1,5.7,0
3896,0,2,11.1,0
3897,0,2,9.5,0
3898,1,1,5.3,0
3899,1,2,35.8,1
3900,0,3,56,0
3901,1,1,0,0
3902,1,2,30.9,1
3903,1,3,52,1
3904,0,3,0,0
3905,1,2,23.6,1
3906,1,1,2.5,0
3907,1,1,5.1,0
3908,0,1,0.6,0
3909,0,3,56.9,1
3910,0,3,41.9,0
3911,0,2,14,0
3912,1,3,59.3,1
3913,0,3,41.2,1
3914,1,3,0,0
3915,0,1,3.4,0
3916,0,2,0,0
3917,1,3,46.3,1
3918,1,2,0,0
3919,0,3,53.6,1
3920,0,1,6,0
3921,0,1,1.8,0
3922,1,2,28.1,1
3923,1,1,2.6,0
3924,0,2,11.6,0
3925,1,1,1.9,1
3926,1,1,0,0
3927,1,3,56.7,1
3928,0,1,3,0
3929,0,2,15.1,1
3930,1,1,0.2,0
3931,0,2,14.4,0
3932,0,2,15,1
3933,1,2,25,0
3934,0,3,40.8,0
3935,1,2,0,0
3936,1,2,20.4,1
3937,1,1,5,1
3938,0,2,7.1,0
3939,0,1,0,0
3940,1,3,40.5,1
3941,1,1,0,0
3942,0,1,2.6,1
3943,0,3,40.1,0
3944,1,1,0.9,0
3945,0,1,0,1
3946,0,3,0,0
3947,0,2,10.7,0
3948,1,3,52.7,0
3949,0,1,2.9,0
3950,1,3,57.7,0
3951,0,1,4.4,0
3952,1,2,30.1,1
3953,1,2,31,1
3954,1,3,59.7,0
3955,0,3,46,0
3956,1,3,52.3,0
3957,1,1,0,0
3958,0,2,7.6,0
3959,0,1,0.9,0
3960,0,1,0,0
3961,0,3,57.7,1
3962,0,2,6.8,0
3963,0,2,0,0
3964,0,2,10.5,0
3965,0,3,53.2,1
3966,1,3,0,0
3967,0,3,54,1
3968,1,3,41.2,0
3969,0,1,1.4,1
3970,0,2,16.5,1
3971,0,2,7.6,0
3972,1,3,46.1,0
3973,0,2,10.7,0
3974,1,2,22.5,1
3975,1,2,18.2,1
3976,1,3,36.9,1
3977,0,1,1,0
3978,1,3,56,1
3979,0,3,47.8,0
3980,0,2,0,0
3981,0,1,0.6,0
3982,1,1,2.8,0
3983,0,2,7.1,0
3984,0,3,56.2,1
3985,1,3,46.9,1
3986,0,2,17.7,0
3987,0,3,0,1
3988,1,1,5,1
3989,0,2,7.5,0
3990,0,2,10.5,0
3991,1,1,0.4,0
3992,0,2,18,0
3993,1,1,2.7,1
3994,0,3,50.1,1
3995,1,2,13.7,0
3996,0,2,16.1,0
3997,0,1,3.3,0
3998,0,1,3.5,0
3999,1,2,21.1,1
4000,1,2,27.4,1
4001,0,2,8.1,0
4002,1,1,2.5,0
4003,0,3,0,1
4004,0,1,3.4,0
4005,1,2,0,0
4006,1,3,57.6,1
4007,0,3,46.2,1
4008,1,2,35.1,1
4009,0,2,9.7,0
4010,0,2,13.3,0
4011,0,2,6.5,0
4012,0,3,43.4,0
4013,1,1,5.1,0
4014,0,2,14.3,0
4015,1,3,40.8,0
4016,1,1,3.3,0
4017,1,2,19.6,1
4018,1,1,2.8,0
4019,1,2,24.8,1
4020,1,2,18,0
4021,0,1,2.7,1
4022,0,1,3.2,1
4023,0,1,2.3,0
4024,0,1,4.4,1
4025,1,3,46.3,0
4026,1,1,1.9,0
4027,1,3,45.6,0
4028,1,1,0.3,0
4029,1,1,6,0
4030,0,1,0.5,0
4031,1,1,0,0
4032,0,2,8.8,0
4033,1,2,0,0
4034,1,2,13.8,0
4035,1,1,2.9,0
4036,1,2,25.9,1
4037,0,1,0.1,0
4038,1,1,4.5,0
4039,1,1,4.8,0
4040,1,2,27,1
4041,0,2,16.6,0
4042,0,2,10.7,0
4043,1,3,41,1
4044,1,2,19.9,1
4045,1,1,0,0
4046,0,3,57.5,0
4047,1,2,0,0
4048,1,1,0,0
4049,0,3,56.7,1
4050,1,2,0,0
4051,0,2,15.2,0
4052,1,3,0,1
4053,0,2,16.2,0
4054,0,2,6.5,0
4055,1,3,50.1,1
4056,1,1,4,0
4057,1,3,45,1
4058,1,2,26.1,1
4059,1,2,32.2,1
4060,1,3,50.3,0
4061,1,1,3.7,0
4062,0,1,0.2,0
4063,1,1,0,0
4064,1,3,0,1
4065,0,1,1.4,0
4066,0,3,38.7,0
4067,1,1,4.7,0
4068,1,3,57,1
4069,0,1,4.8,0
4070,1,1,0.2,0
4071,1,2,21.4,1
4072,1,1,0,0
4073,1,1,0.8,0
4074,0,2,14.2,0
4075,1,1,1.1,0
4076,0,1,5.8,0
4077,1,3,37.2,0
4078,1,1,0.6,1
4079,1,2,13.7,1
4080,1,3,37.5,0
4081,0,2,16.6,0
4082,0,3,59.6,1
4083,0,1,1.7,0
4084,0,2,14.7,1
4085,1,1,0.8,0
4086,1,2,30.1,1
4087,1,2,25.3,1
4088,0,1,5.1,0
4089,1,2,0,0
4090,0,2,11.8,0
4091,1,1,0.2,0
4092,0,2,11.5,0
4093,1,2,25.1,1
4094,0,1,1.1,0
4095,0,3,0,1
4096,1,3,47.3,0
4097,0,3,53,1
4098,1,2,20.9,0
4099,1,2,0,0
4100,1,2,16.9,1
4101,1,1,6,1
4102,0,1,2.8,0
4103,0,1,1.9,0
4104,1,3,45.9,0
4105,0,1,0.2,0
4106,1,3,43.4,1
4107,1,2,15.5,1
4108,0,2,16.9,1
4109,0,1,1.6,0
4110,1,2,30.2,1
4111,0,1,3.8,0
4112,1,2,0,0
4113,1,2,13.9,0
4114,1,2,0,0
4115,0,3,0,1
4116,1,3,46.8,1
4117,1,1,4.9,0
4118,1,2,14,0
4119,0,3,52.9,0
4120,1,3,36.1,0
4121,0,2,12,0
4122,1,2,12.6,1
4123,0,2,0,0
4124,1,1,3.4,0
4125,0,3,0,0
4126,1,1,4.2,1
4127,1,1,1.3,0
4128,1,2,25.8,1
4129,1,1,0,0
4130,0,2,10.7,1
4131,0,2,14.8,0
4132,0,2,8.2,0
4133,1,3,52.2,0
4134,0,3,48.8,0
4135,1,2,19.3,1
4136,0,3,37.2,1
4137,1,1,3.9,0
4138,1,3,0,1
4139,0,3,37.7,0
4140,0,2,0,0
4141,0,2,8.2,0
4142,1,2,21.4,1
4143,0,1,5.6,0
4144,0,2,9.3,0
4145,1,3,50.3,0
4146,0,2,6.9,0
4147,0,2,12.7,0
4148,0,2,13.1,0
4149,1,1,3.9,0
4150,0,2,15.9,0
4151,0,3,0,1
4152,0,1,0,1
4153,1,1,0.3,0
4154,1,2,0,0
4155,0,1,0.3,0
4156,0,1,4.4,0
4157,1,2,30.9,1
4158,0,3,0,1
4159,1,1,5.2,0
4160,1,3,47.1,0
4161,0,1,4.6,0
4162,1,3,41.5,0
4163,1,1,3.8,0
4164,0,1,2.8,1
4165,0,1,2.5,0
4166,1,1,0.3,0
4167,0,1,0,0
4168,1,3,0,1
4169,1,1,1.1,0
4170,0,1,2.6,0
4171,1,2,35.5,1
4172,1,2,29.3,1
4173,0,1,0.9,0
4174,0,2,0,0
4175,0,1,0,0
4176,0,3,41.4,0
4177,1,1,0.9,0
4178,1,2,26.2,1
4179,1,3,54.5,1
4180,1,3,0,1
4181,1,3,43.5,0
4182,1,3,47.2,0
4183,0,2,8.9,0
4184,1,1,0,0
4185,0,2,15,1
4186,1,3,47,1
4187,0,3,0,1
4188,1,1,4.6,0
4189,0,1,0.1,0
4190,1,1,2.5,0
4191,0,1,0,1
4192,0,2,15.9,0
4193,0,3,37.1,0
4194,0,3,0,1
4195,0,1,1.6,0
4196,0,1,0,1
4197,0,1,5.5,0
4198,0,3,39.3,0
4199,1,3,42.6,1
4200,0,2,15,0
4201,0,1,0.5,0
4202,1,1,0,0
4203,0,1,2.3,0
4204,0,1,1.8,0
4205,1,2,28.9,1
4206,1,1,0,0
4207,1,3,45,0
4208,1,3,40.2,1
4209,0,3,50,1
4210,0,1,0.7,0
4211,1,3,49.3,0
4212,1,3,0,0
4213,1,3,37.8,1
4214,1,3,0,0
4215,1,2,21.4,0
4216,0,2,8.7,0
4217,1,1,1.9,0
4218,1,2,19.4,0
4219,0,2,16.7,0
4220,0,2,12,0
4221,0,2,10.9,0
4222,0,2,10.5,0
4223,1,2,30,1
4224,1,3,44.9,1
4225,0,1,0,0
4226,1,3,47.4,0
4227,1,1,2,0
4228,1,2,13.6,1
4229,0,2,12.7,0
4230,0,1,1.9,0
4231,0,1,5.1,0
4232,0,3,56.5,0
4233,0,2,12.2,0
4234,0,1,0,1
4235,0,3,0,1
4236,1,1,4.1,1
4237,0,2,6.8,0
4238,1,3,56.2,0
4239,0,3,53.5,0
4240,0,1,0,0
4241,0,3,46,1
4242,1,2,28.8,1
4243,0,1,0.1,1
4244,1,2,32.2,1
4245,1,1,1.6,0
4246,0,1,0,0
4247,0,2,17.1,0
4248,1,3,0,1
4249,0,2,14.3,0
4250,0,2,13.8,0
4251,0,1,3.7,0
4252,1,1,0.7,0
4253,0,2,0,0
4254,0,2,11.7,0
4255,1,2,29.1,1
4256,0,1,3.6,0
4257,1,2,0,0
4258,1,3,54,0
4259,0,2,6.2,0
4260,0,2,0,0
4261,1,3,0,0
4262,1,2,34.2,1
4263,0,2,6.7,0
4264,0,3,56.8,0
4265,0,3,39.4,1
4266,0,3,37.5,0
4267,1,1,4.3,0
4268,0,1,4,0
4269,1,3,0,0
4270,0,2,16.8,0
4271,0,2,11.5,0
4272,0,3,59.6,1
4273,0,2,14,0
4274,1,1,4,0
4275,1,1,0,0
4276,0,2,0,0
4277,0,1,0,1
4278,1,2,29.8,1
4279,0,1,0,0
4280,1,2,23.6,0
4281,1,3,42.6,0
4282,1,1,3.5,0
4283,1,1,0.2,1
4284,1,2,23.4,1
4285,1,2,17.8,1
4286,0,1,2,0
4287,0,2,12.7,0
4288,1,1,2.2,0
4289,1,1,5.2,1
4290,0,3,43.5,1
4291,1,3,57,1
4292,1,1,0,0
4293,0,1,4.9,0
4294,1,2,32.3,1
4295,1,3,42.8,1
4296,1,1,4.1,0
4297,1,3,36.1,0
4298,1,2,0,0
4299,1,3,52.4,0
4300,1,2,26.1,1
4301,1,2,0,0
4302,1,1,0,0
4303,0,1,0.5,0
4304,1,2,27,1
4305,0,3,46.7,1
4306,1,3,55.9,1
4307,1,1,4.1,0
4308,1,1,2,0
4309,0,1,0,1
4310,1,3,59.3,0
4311,0,1,3.1,0
4312,0,2,0,0
4313,0,2,15.5,0
4314,0,2,17.4,0
4315,1,2,32.7,1
4316,1,2,0,0
4317,1,1,4.2,0
4318,0,3,42.2,1
4319,0,2,13,0
4320,0,1,3,0
4321,1,1,2.6,0
4322,0,3,36.1,0
4323,1,2,33.2,1
4324,1,1,4.2,0
4325,0,2,0,0
4326,1,1,3,0
4327,1,3,52.8,1
4328,1,2,34.5,1
4329,1,3,0,0
4330,1,1,2.4,0
4331,1,2,26.3,1
4332,0,2,15.7,0
4333,0,2,11,0
4334,1,1,3.6,0
4335,1,2,18.2,1
4336,0,1,5.4,0
4337,0,1,4.8,0
4338,0,3,36.3,1
4339,0,1,5.1,0
4340,0,1,0.4,0
4341,1,3,49,0
4342,0,3,50.7,0
4343,0,3,58,1
4344,0,2,0,0
4345,1,3,39.5,0
4346,1,2,31.4,1
4347,0,2,16.2,0
4348,1,1,0,0
4349,1,2,0,0
4350,1,1,2.8,0
4351,1,3,0,1
4352,1,3,39.7,1
4353,1,2,15.6,0
4354,0,3,59.5,1
4355,1,3,52.1,1
4356,0,2,10.1,0
4357,0,3,0,1
4358,1,3,53.8,0
4359,0,2,10.7,0
4360,1,1,5.1,0
4361,0,3,0,1
4362,1,1,5.8,0
4363,1,3,36.4,0
4364,0,1,5.3,0
4365,1,2,22.7,1
4366,1,1,2,0
4367,1,1,3.9,0
4368,0,1,2.5,0
4369,0,3,49.6,0
4370,1,3,45,0
4371,1,2,17.2,0
4372,1,2,31.3,1
4373,1,3,56,1
4374,0,3,54.5,0
4375,0,2,0,0
4376,1,1,0,0
4377,0,3,0,1
4378,1,1,5.5,0
4379,0,2,16.5,0
4380,1,2,27,0
4381,0,3,0,0
4382,1,1,1.8,1
4383,1,3,41.3,0
4384,1,3,54.4,1
4385,0,1,4.6,0
4386,1,2,16.3,1
4387,0,1,0,0
4388,0,1,0.3,0
4389,0,2,12.9,0
4390,1,3,58.9,0
4391,1,1,2.5,0
4392,1,3,58.3,0
4393,0,1,0.8,0
4394,1,2,28.5,1
4395,0,2,0,0
4396,1,2,34.8,1
4397,0,1,0,0
4398,0,3,59.3,1
4399,1,2,23,1
4400,1,2,18.4,1
4401,1,2,35.5,1
4402,0,1,4.8,0
4403,0,1,0,0
4404,1,3,56.7,1
4405,1,3,60,0
4406,0,1,0.4,1
4407,1,1,4.3,1
4408,0,2,9.1,0
4409,0,2,0,0
4410,1,3,42,0
4411,1,3,51.8,1
4412,0,1,4.7,1
4413,0,3,46.6,0
4414,1,1,5.3,0
4415,0,1,0,0
4416,1,1,4.7,1
4417,1,3,52.6,0
4418,0,2,10.9,0
4419,0,1,0,0
4420,0,1,4.7,0
4421,0,1,3.8,1
4422,1,2,13.9,0
4423,1,3,52.2,1
4424,0,3,47,1
4425,1,3,54,0
4426,1,3,0,0
4427,0,3,47.6,0
4428,0,2,9.1,0
4429,1,1,2.1,0
4430,1,3,41.1,0
4431,1,2,29.7,1
4432,1,1,0,1
4433,0,2,11.4,0
4434,0,3,56.5,1
4435,0,3,48.8,1
4436,0,3,53.6,1
4437,1,3,52.2,1
4438,0,2,0,0
4439,0,1,0,0
4440,1,1,0,1
4441,1,1,4.8,1
4442,1,3,45.8,0
4443,1,3,48.8,1
4444,0,2,0,0
4445,0,2,0,0
4446,0,1,1.3,0
4447,0,2,0,0
4448,0,1,3.5,0
4449,0,3,56.4,1
4450,0,1,0,0
4451,1,1,3.7,1
4452,0,3,48.7,0
4453,0,3,57.1,1
4454,0,2,14.5,0
4455,1,1,2.2,0
4456,0,1,2.8,0
4457,0,3,50.3,1
4458,1,3,43.4,1
4459,0,2,8.6,0
4460,1,2,23.7,1
4461,0,3,44.5,1
4462,1,2,24.2,1
4463,0,1,4.4,0
4464,0,3,0,0
4465,1,2,13.3,0
4466,0,1,0,0
4467,1,3,57.4,0
4468,1,1,5.5,0
4469,1,2,16.5,0
4470,0,2,11.6,0
4471,1,2,0,0
4472,1,3,54.7,0
4473,1,3,0,1
4474,0,1,2.1,0
4475,0,1,4.3,0
4476,1,2,16,1
4477,1,1,1,0
4478,1,3,48.8,0
4479,0,1,2,0
4480,1,3,44.7,1
4481,1,2,15,1
4482,1,1,4.9,0
4483,0,3,45.4,0
4484,0,1,4.2,0
4485,1,3,44.4,1
4486,0,3,41,1
4487,1,2,0,0
4488,1,3,42,0
4489,0,2,17.8,0
4490,1,2,31.4,1
4491,1,1,4.2,0
4492,1,3,0,1
4493,0,1,5.9,0
4494,0,1,3.8,1
4495,0,2,14.2,0
4496,1,3,56.5,1
4497,0,2,15.1,0
4498,1,2,25.1,1
4499,0,1,1.5,0
4500,0,1,0,0
4501,0,3,50.5,0
4502,1,2,34.8,1
4503,0,3,39.7,0
4504,1,2,20.4,1
4505,0,3,49.7,1
4506,0,3,42,0
4507,1,2,15.7,0
4508,1,3,43,0
4509,0,2,14.4,0
4510,1,3,53.9,0
4511,0,2,0,0
4512,0,3,53.7,1
4513,1,2,25.6,0
4514,0,2,17.4,1
4515,0,2,15.2,1
4516,0,2,12.5,0
4517,1,2,22.1,1
4518,0,1,0,0
4519,1,3,51.4,1
4520,1,1,5.8,0
4521,1,1,0.7,0
4522,1,3,42.5,0
4523,1,2,26.1,0
4524,1,3,55.9,1
4525,0,3,37.9,0
4526,1,3,0,0
4527,1,3,56.9,1
4528,1,2,32,1
4529,0,2,6.6,0
4530,1,1,4.9,0
4531,0,3,0,0
4532,0,3,39.5,0
4533,1,1,4,0
4534,1,1,1.8,0
4535,1,3,58.1,1
4536,1,1,3,0
4537,0,1,1.8,0
4538,0,3,0,0
4539,1,2,25.7,0
4540,0,2,10.7,1
4541,1,3,38.2,1
4542,0,1,0,1
4543,1,1,0.3,0
4544,0,2,17.3,1
4545,1,3,0,1
4546,0,1,0.3,0
4547,1,2,21.5,1
4548,1,1,5,0
4549,0,3,56.7,0
4550,1,1,4.5,0
4551,1,1,2.9,0
4552,0,1,1.4,0
4553,1,3,37.9,1
4554,1,2,26,1
4555,0,2,12.8,0
4556,0,3,37.3,0
4557,1,3,59.4,1
4558,1,1,3.8,0
4559,0,1,2,0
4560,1,1,0,0
4561,1,1,5.9,0
4562,1,1,2.7,0
4563,1,2,13.2,0
4564,1,2,0,0
4565,1,1,1.5,0
4566,1,3,37.3,1
4567,0,2,7.2,0
4568,1,3,44.4,1
4569,1,1,4.2,0
4570,1,2,35.7,1
4571,0,1,0,0
4572,0,1,0.1,0
4573,0,1,0,0
4574,1,2,32.7,1
4575,0,1,4.7,0
4576,0,2,0,0
4577,0,3,54.9,0
4578,1,1,0.7,0
4579,0,2,9.1,0
4580,1,1,0,0
4581,0,2,17,1
4582,0,1,2.8,0
4583,0,1,0.2,1
4584,1,2,30.6,1
4585,0,2,12.8,1
4586,1,3,45.3,1
4587,1,2,14.2,0
4588,0,3,38.5,1
4589,1,1,0,0
4590,0,1,4.6,0
4591,1,2,25.4,1
4592,1,1,4.9,0
4593,0,2,6.2,0
4594,0,1,1.9,0
4595,1,1,0,0
4596,1,3,0,0
4597,1,2,24,1
4598,0,1,5.5,0
4599,1,3,42.1,0
4600,0,2,13.3,0
4601,1,1,5.1,0
4602,1,1,1.5,0
4603,1,2,26.1,1
4604,1,2,15,1
4605,1,3,49.8,1
4606,1,1,0.4,0
4607,0,2,8,0
4608,1,1,0,0
4609,1,2,29.7,1
4610,1,3,37.3,0
4611,0,1,0,0
4612,0,3,40.1,1
4613,0,2,16.2,0
4614,0,1,3.2,0
4615,0,2,14.6,0
4616,1,2,23.6,1
4617,0,2,0,0
4618,1,1,0.9,0
4619,1,3,38,1
4620,0,3,54.2,0
4621,1,1,3.2,0
4622,0,3,60,1
4623,0,3,53.4,1
4624,1,2,19.9,1
4625,0,3,55.3,1
4626,1,1,4.2,0
4627,1,1,5.4,0
4628,0,3,39.5,1
4629,1,1,4.8,1
4630,1,2,33.4,1
4631,0,2,9.2,0
4632,1,2,22.4,1
4633,0,2,13.5,1
4634,0,2,7.9,0
4635,1,3,55.8,0
4636,0,1,4,0
4637,0,3,43.7,1
4638,0,2,16.7,0
4639,0,1,6,0
4640,0,2,6,0
4641,0,3,47.7,1
4642,0,2,6.1,0
4643,1,3,42,0
4644,0,1,2.5,1
4645,0,2,12.7,1
4646,0,2,17.4,1
4647,0,1,0,0
4648,0,2,9.5,0
4649,0,3,40.4,0
4650,0,2,6.2,0
4651,0,1,0.9,0
4652,1,2,29.7,1
4653,0,1,0,0
4654,0,1,0,0
4655,1,2,18.4,1
4656,1,2,29.6,1
4657,0,3,40.9,1
4658,1,2,13.5,0
4659,0,3,48.5,1
4660,1,2,21.8,1
4661,0,3,0,0
4662,1,2,20.6,1
4663,1,1,2.5,0
4664,0,2,7.6,0
4665,0,1,2.8,1
4666,0,2,14.9,0
4667,1,3,37.5,1
4668,1,3,48.1,1
4669,1,1,3.4,0
4670,0,1,0,0
4671,0,3,51.5,1
4672,0,3,42.2,0
4673,0,2,10.7,1
4674,0,1,1,1
4675,0,2,8.1,0
4676,0,2,14.3,1
4677,1,1,2.5,0
4678,0,3,57.6,1
4679,0,2,0,0
4680,1,2,33.7,1
4681,1,1,4.2,0
4682,1,2,27.5,1
4683,0,3,42.1,1
4684,0,3,49.3,1
4685,1,3,37.4,1
4686,0,1,4.9,1
4687,1,2,13.2,1
4688,1,2,33.8,1
4689,1,1,4.3,0
4690,1,2,0,0
4691,1,1,2.4,0
4692,1,3,40.6,0
4693,1,2,13.3,0
4694,0,3,59.8,0
4695,1,3,0,1
4696,0,1,5.8,0
4697,0,2,12,0
4698,0,3,36.6,0
4699,0,1,2.9,0
4700,0,1,5.1,0
4701,1,3,0,0
4702,1,3,0,0
4703,0,1,0,0
4704,0,2,16.8,1
4705,1,2,22.1,1
4706,0,2,15.7,0
4707,0,1,2.7,0
4708,0,3,48.8,1
4709,0,2,6.2,0
4710,0,2,10.6,0
4711,1,1,0,0
4712,0,1,2.8,0
4713,0,2,6.1,0
4714,1,2,0,0
4715,0,2,8.5,0
4716,0,2,14.9,0
4717,0,3,47.7,1
4718,1,3,47.9,0
4719,1,2,29.8,1
4720,0,3,47.5,0
4721,1,2,15.6,1
4722,1,2,14.7,1
4723,0,1,4.1,1
4724,0,1,0.6,0
4725,0,3,55.7,1
4726,0,1,5.3,0
4727,1,3,0,1
4728,0,3,41.4,1
4729,0,1,0,0
4730,0,3,0,0
4731,0,2,13.1,0
4732,0,3,59.2,1
4733,0,2,17.3,0
4734,0,3,57.9,0
4735,0,2,11.6,0
4736,1,3,0,1
4737,1,1,0,0
4738,0,2,12.8,0
4739,0,2,0,0
4740,0,3,38.2,0
4741,1,3,58.4,0
4742,0,1,0.9,0
4743,0,3,50.5,1
4744,1,2,0,0
4745,1,1,2.1,0
4746,0,2,0,0
4747,1,1,3.3,0
4748,1,3,0,1
4749,1,2,16.9,0
4750,1,3,38.2,1
4751,1,2,0,0
4752,0,3,0,0
4753,1,3,0,1
4754,1,3,0,1
4755,1,2,32.2,1
4756,0,2,0,0
4757,0,3,0,1
4758,0,3,51.4,1
4759,1,1,1.8,0
4760,0,2,12.4,0
4761,0,3,49.1,1
4762,1,3,0,1
4763,1,2,27.7,1
4764,1,3,43.4,1
4765,0,1,3.2,0
4766,1,1,4.7,0
4767,1,2,0,0
4768,1,3,0,1
4769,1,1,2.7,0
4770,1,1,5.8,0
4771,0,3,55.4,1
4772,1,2,34,1
4773,0,3,45.3,0
4774,1,2,26.6,0
4775,0,1,0.5,0
4776,0,1,4.7,0
4777,1,3,0,1
4778,1,1,0,0
4779,1,2,28.2,1
4780,0,2,17.7,1
4781,0,3,47.9,0
4782,0,1,4.2,0
4783,1,3,0,0
4784,1,1,2.1,0
4785,0,3,40.5,1
4786,0,3,36.1,1
4787,0,3,43.6,1
4788,0,2,16.4,0
4789,0,2,6.3,0
4790,0,1,3.1,1
4791,1,2,16.6,0
4792,0,3,57.8,1
4793,0,3,52.6,1
4794,0,3,48,0
4795,1,1,0,0
4796,1,1,0,0
4797,0,3,39.2,1
4798,0,3,38.4,1
4799,0,2,17.9,0
4800,1,3,57.8,0
4801,0,2,14.8,0
4802,1,3,44.8,1
4803,0,2,8.9,0
4804,0,2,15.7,0
4805,0,1,4.4,1
4806,0,2,8.6,0
4807,0,1,3.7,0
4808,1,3,0,0
4809,0,3,57.4,1
4810,0,2,0,0
4811,0,2,0,0
4812,1,3,48,1
4813,0,2,17.9,0
4814,0,1,0.1,0
4815,0,1,0,0
4816,0,1,0.3,0
4817,1,3,44.7,0
4818,0,3,49.8,1
4819,1,2,34.4,1
4820,0,1,4.4,0
4821,0,2,11.9,0
4822,1,1,0.4,0
4823,0,2,0,0
4824,0,3,0,1
4825,0,2,8.7,0
4826,1,1,1.6,0
4827,1,1,3.9,0
4828,1,2,0,0
4829,1,1,0.7,0
4830,0,2,0,0
4831,1,3,0,1
4832,1,2,33.1,1
4833,1,1,5.7,0
4834,0,3,45.8,0
4835,1,1,4.4,0
4836,1,1,5.9,1
4837,1,1,1.9,0
4838,1,1,0,0
4839,1,2,26.4,1
4840,0,1,5,0
4841,1,3,38.7,1
4842,0,3,53.8,0
4843,0,1,0,0
4844,0,1,0,0
4845,1,3,0,1
4846,0,1,2.2,0
4847,1,1,4.8,0
4848,0,1,0,0
4849,1,3,59.3,0
4850,1,2,29.8,1
4851,0,2,16.1,0
4852,1,1,0,0
4853,1,1,2.3,0
4854,1,2,16.4,1
4855,0,2,12.3,0
4856,1,2,28.1,1
4857,1,2,17.5,0
4858,0,1,0,0
4859,1,2,29.5,1
4860,0,2,12.9,0
4861,0,1,2.8,0
4862,1,1,3.8,1
4863,1,2,25.9,0
4864,1,1,2.6,0
4865,0,3,0,0
4866,0,2,9,0
4867,1,3,50.1,1
4868,1,1,0,0
4869,0,3,44.9,1
4870,0,1,2.4,1
4871,1,1,2.2,0
4872,1,2,28.3,1
4873,1,2,22,1
4874,0,1,3.7,0
4875,1,1,5,0
4876,0,2,13.2,0
4877,0,2,13.6,1
4878,1,2,23.2,1
4879,1,2,34.2,1
4880,1,1,0,0
4881,1,1,0.2,0
4882,0,1,0,0
4883,1,3,0,1
4884,0,1,6,0
4885,1,3,52.9,1
4886,0,3,0,0
4887,1,3,0,1
4888,0,1,3.4,0
4889,0,3,0,0
4890,0,3,57.5,1
4891,0,2,6.9,0
4892,0,2,17.1,0
4893,0,3,44.4,0
4894,1,2,18.9,1
4895,0,2,17.1,1
4896,1,1,2,0
4897,1,2,32.3,1
4898,1,1,3.3,0
4899,1,1,0,0
4900,0,3,59.4,1
4901,1,3,54.3,1
4902,0,2,17.2,1
4903,1,3,43.9,0
4904,1,3,0,0
4905,1,3,52.8,1
4906,0,2,13.4,0
4907,0,2,17.1,1
4908,0,1,0.6,1
4909,0,1,5.4,0
4910,0,2,15.5,1
4911,0,2,0,0
4912,1,1,0,0
4913,0,2,0,0
4914,0,1,3.6,1
4915,1,1,0,0
4916,1,2,0,0
4917,0,1,4.7,1
4918,0,2,15.3,0
4919,1,2,20.4,0
4920,1,1,5.3,0
4921,0,2,15.2,1
4922,1,3,0,1
4923,1,1,1.8,0
4924,1,2,28.4,1
4925,1,1,5.1,1
4926,0,2,11.8,0
4927,0,1,0,0
4928,0,2,9.3,0
4929,1,1,0,1
4930,1,2,30.3,1
4931,1,2,0,0
4932,0,3,45.8,0
4933,1,3,47.5,1
4934,0,2,8.7,0
4935,1,3,48.1,1
4936,1,1,0,0
4937,1,3,0,1
4938,1,1,3,0
4939,0,1,4.3,0
4940,1,1,4.6,0
4941,0,2,14.6,0
4942,1,1,0.2,1
4943,1,2,15.9,1
4944,1,2,16.2,0
4945,0,3,43.6,0
4946,1,3,37.9,0
4947,1,3,0,0
4948,0,3,45.6,0
4949,1,1,0.9,0
4950,0,2,6.1,0
4951,1,1,1.9,0
4952,0,3,41.5,0
4953,0,2,0,0
4954,1,3,40.4,1
4955,0,2,0,0
4956,1,1,1.4,1
4957,1,1,4.2,0
4958,1,2,0,0
4959,1,3,57.7,0
4960,1,2,0,0
4961,0,2,15.2,0
4962,1,1,5.1,0
4963,1,3,47.8,1
4964,0,3,56.2,0
4965,1,3,59.6,0
4966,1,2,20,1
4967,1,2,23,1
4968,0,2,10.2,0
4969,0,2,0,0
4970,0,1,0.5,0
4971,0,1,0,1
4972,1,1,0.2,0
4973,1,1,3.1,0
4974,0,2,8.7,0
4975,1,3,50,1
4976,1,1,0.3,0
4977,1,2,33.9,1
4978,1,1,2.7,0
4979,0,1,2.3,0
4980,1,3,0,1
4981,1,1,3.3,0
4982,1,3,48.5,0
4983,0,2,0,0
4984,1,2,24.8,1
4985,1,2,27.9,1
4986,0,1,0.1,0
4987,1,2,25,1
4988,0,1,0.7,1
4989,1,2,26.2,1
4990,1,2,27.5,1
4991,1,3,51.1,1
4992,0,2,0,0
4993,1,1,0,0
4994,1,2,0,0
4995,1,2,32.1,1
4996,1,3,56.4,1
4997,1,3,56.9,1
4998,0,3,0,0
4999,1,3,43.9,0
5000,0,3,0,0
