"subject.id","ReadEthicsArticle","Recommends.Ai.Adoption"
1,1,1
2,1,1
3,0,0
4,1,0
5,1,0
6,0,0
7,1,0
8,0,1
9,1,1
10,0,1
11,1,1
12,0,1
13,0,1
14,1,0
15,1,0
16,0,1
17,0,1
18,0,1
19,0,0
20,0,0
21,0,1
22,0,1
23,0,0
24,1,1
25,1,0
26,0,1
27,0,0
28,0,0
29,1,0
30,0,1
31,0,1
32,0,1
33,1,0
34,0,1
35,0,1
36,0,0
37,1,0
38,1,0
39,1,0
40,1,0
41,0,1
42,0,0
43,1,1
44,0,0
45,0,1
46,1,0
47,1,1
48,0,0
49,1,1
50,0,1
51,0,1
52,0,1
53,0,1
54,0,1
55,0,1
56,0,1
57,1,1
58,1,1
59,1,0
60,0,1
61,1,0
62,1,1
63,0,1
64,0,1
65,1,0
66,1,1
67,1,0
68,0,0
69,1,1
70,1,0
71,1,0
72,1,0
73,1,0
74,1,0
75,1,0
76,1,1
77,1,0
78,1,0
79,1,0
80,0,1
81,1,1
82,0,1
83,1,1
84,1,1
85,0,1
86,0,1
87,0,1
88,1,0
89,1,0
90,1,0
91,0,1
92,0,1
93,1,1
94,1,1
95,0,1
96,0,1
97,1,0
98,1,0
99,0,0
100,1,0
101,1,0
102,0,0
103,1,1
104,0,1
105,1,0
106,0,1
107,0,1
108,0,1
109,0,0
110,0,0
111,1,1
112,1,0
113,1,1
114,1,0
115,1,1
116,0,1
117,0,0
118,1,0
119,0,1
120,0,0
121,1,1
122,1,0
123,1,0
124,0,1
125,1,1
126,1,0
127,0,0
128,1,0
129,1,0
130,1,1
131,1,0
132,0,1
133,0,0
134,1,0
135,0,1
136,0,1
137,1,1
138,1,0
139,1,0
140,0,1
141,1,0
142,1,0
143,1,1
144,1,0
145,0,1
146,1,0
147,1,0
148,1,1
149,0,1
150,1,0
151,0,0
152,0,1
153,0,1
154,0,1
155,0,1
156,0,1
157,1,0
158,0,0
159,1,1
160,1,1
161,1,0
162,1,0
163,1,0
164,0,1
165,1,1
166,1,1
167,0,0
168,0,1
169,0,0
170,0,1
171,1,1
172,0,1
173,1,0
174,0,0
175,1,0
176,1,1
177,0,1
178,0,0
179,0,0
180,1,1
181,0,1
182,0,1
183,1,0
184,1,0
185,1,1
186,0,1
187,0,1
188,1,0
189,0,1
190,1,1
191,1,0
192,0,1
193,1,0
194,1,0
195,0,0
196,1,0
197,1,0
198,1,0
199,0,0
200,0,1
201,1,0
202,0,1
203,1,0
204,1,0
205,1,0
206,0,1
207,1,0
208,0,0
209,1,1
210,1,0
211,0,1
212,0,1
213,1,0
214,0,1
215,1,1
216,0,0
217,1,1
218,0,1
219,1,0
220,1,1
221,0,1
222,1,1
223,1,1
224,0,1
225,1,0
226,1,1
227,0,1
228,1,0
229,1,0
230,0,1
231,0,0
232,0,1
233,0,1
234,0,1
235,0,1
236,0,1
237,1,0
238,0,1
239,0,1
240,1,1
241,1,0
242,0,0
243,0,0
244,0,0
245,0,1
246,0,1
247,1,1
248,1,0
249,0,1
250,0,0
251,0,0
252,1,1
253,1,1
254,1,1
255,1,0
256,0,1
257,0,1
258,1,1
259,1,0
260,1,0
261,0,1
262,1,1
263,0,0
264,0,1
265,1,0
266,1,1
267,0,1
268,0,0
269,0,1
270,0,0
271,1,0
272,0,1
273,1,1
274,0,1
275,0,1
276,0,0
277,0,0
278,1,1
279,0,1
280,0,1
281,1,0
282,1,0
283,0,0
284,1,0
285,0,1
286,0,0
287,0,0
288,1,0
289,1,1
290,1,0
291,1,0
292,1,0
293,0,1
294,1,0
295,1,0
296,1,0
297,1,1
298,0,1
299,1,0
300,1,0
301,0,1
302,0,1
303,0,1
304,0,1
305,1,0
306,0,1
307,0,0
308,1,1
309,0,1
310,0,1
311,0,1
312,1,0
313,0,1
314,1,0
315,1,0
316,1,0
317,1,0
318,0,0
319,0,1
320,1,0
321,0,1
322,0,1
323,0,1
324,1,0
325,0,1
326,1,1
327,0,1
328,1,0
329,1,0
330,1,0
331,0,0
332,1,0
333,0,1
334,1,0
335,1,1
336,1,0
337,1,0
338,0,1
339,1,1
340,0,1
341,0,1
342,0,0
343,0,0
344,1,0
345,1,1
346,1,0
347,0,1
348,1,0
349,0,0
350,1,0
351,0,1
352,1,1
353,0,1
354,1,0
355,0,1
356,0,0
357,1,0
358,0,1
359,1,0
360,0,1
361,1,0
362,0,1
363,0,1
364,0,0
365,1,1
366,0,1
367,1,0
368,0,1
369,0,1
370,1,0
371,1,0
372,0,0
373,0,1
374,0,1
375,1,0
376,0,0
377,0,0
378,0,0
379,1,1
380,1,0
381,1,0
382,1,1
383,1,0
384,1,1
385,0,1
386,0,1
387,0,1
388,0,1
389,1,1
390,0,1
391,1,0
392,1,1
393,0,1
394,0,0
395,1,1
396,1,0
397,1,1
398,0,1
399,1,1
400,1,0
401,0,1
402,0,0
403,0,0
404,0,0
405,1,1
406,0,1
407,1,0
408,0,1
409,0,0
410,1,0
411,1,1
412,0,1
413,1,0
414,1,1
415,1,0
416,0,1
417,0,1
418,1,0
419,1,0
420,1,0
421,1,1
422,0,1
423,0,1
424,1,0
425,1,0
426,1,0
427,1,0
428,0,1
429,1,0
430,0,0
431,1,1
432,1,0
433,0,0
434,1,1
435,1,0
436,0,1
437,1,1
438,1,0
439,1,1
440,1,0
441,0,1
442,1,0
443,1,0
444,1,1
445,1,1
446,1,0
447,0,0
448,0,0
449,0,1
450,0,1
451,0,1
452,1,0
453,0,1
454,1,0
455,1,0
456,1,0
457,0,1
458,1,0
459,1,0
460,1,0
461,1,0
462,0,1
463,1,0
464,1,0
465,0,1
466,0,0
467,1,0
468,1,0
469,1,1
470,0,0
471,0,1
472,0,1
473,0,1
474,1,0
475,0,0
476,1,1
477,1,0
478,1,0
479,0,0
480,1,1
481,0,1
482,1,0
483,0,1
484,1,0
485,1,0
486,1,1
487,0,1
488,1,0
489,1,0
490,1,0
491,1,1
492,1,1
493,1,0
494,1,0
495,1,1
496,0,1
497,0,1
498,0,1
499,0,0
500,1,1
501,1,1
502,1,0
503,0,1
504,1,1
505,1,1
506,0,0
507,1,0
508,0,1
509,1,1
510,0,0
511,1,0
512,0,0
513,0,1
514,1,1
515,1,0
516,0,1
517,0,0
518,0,1
519,0,0
520,0,1
521,0,0
522,0,1
523,0,1
524,1,0
525,1,0
526,0,0
527,0,0
528,0,0
529,1,1
530,0,0
531,0,1
532,0,1
533,1,1
534,0,1
535,0,0
536,0,1
537,1,0
538,1,0
539,1,0
540,1,0
541,0,1
542,0,1
543,1,0
544,0,0
545,0,1
546,1,1
547,1,0
548,0,0
549,1,0
550,0,0
551,0,1
552,0,0
553,0,1
554,0,0
555,0,0
556,0,1
557,1,0
558,1,0
559,1,0
560,0,1
561,1,0
562,1,0
563,0,1
564,0,1
565,1,0
566,1,0
567,1,0
568,0,1
569,1,0
570,1,1
571,1,1
572,1,0
573,1,0
574,1,1
575,1,0
576,1,1
577,1,0
578,1,0
579,1,0
580,0,1
581,1,0
582,0,1
583,1,0
584,1,0
585,0,1
586,0,0
587,0,0
588,1,0
589,1,0
590,1,0
591,0,1
592,0,0
593,1,0
594,1,0
595,0,1
596,0,0
597,1,0
598,1,0
599,0,1
600,1,0
601,1,0
602,0,1
603,1,1
604,0,0
605,1,0
606,0,0
607,0,1
608,0,1
609,0,1
610,0,0
611,1,1
612,1,0
613,1,1
614,1,1
615,1,0
616,0,0
617,0,1
618,1,0
619,0,1
620,0,1
621,1,0
622,1,1
623,1,1
624,0,1
625,1,1
626,1,1
627,0,0
628,1,0
629,1,0
630,1,1
631,1,1
632,0,1
633,0,0
634,1,0
635,0,1
636,0,1
637,1,0
638,1,0
639,1,0
640,0,1
641,1,0
642,1,1
643,1,0
644,1,1
645,0,1
646,1,0
647,1,0
648,1,0
649,0,0
650,1,0
651,0,0
652,0,0
653,0,0
654,0,1
655,0,0
656,0,0
657,1,0
658,0,1
659,1,1
660,1,1
661,1,1
662,1,0
663,1,0
664,0,1
665,1,0
666,1,1
667,0,1
668,0,1
669,0,0
670,0,1
671,1,0
672,0,0
673,1,0
674,0,1
675,1,0
676,1,0
677,0,0
678,0,1
679,0,1
680,1,0
681,0,1
682,0,1
683,1,0
684,1,1
685,1,0
686,0,1
687,0,0
688,1,0
689,0,1
690,1,1
691,1,0
692,0,0
693,1,1
694,1,0
695,0,1
696,1,1
697,1,0
698,1,1
699,0,1
700,0,0
701,1,0
702,0,0
703,1,0
704,1,0
705,1,0
706,0,1
707,1,1
708,0,0
709,1,0
710,1,0
711,0,0
712,0,0
713,1,0
714,0,0
715,1,0
716,0,1
717,1,0
718,0,1
719,1,0
720,1,0
721,0,0
722,1,0
723,1,0
724,0,0
725,1,0
726,1,0
727,0,1
728,1,1
729,1,0
730,0,1
731,0,1
732,0,0
733,0,0
734,0,1
735,0,1
736,0,1
737,1,0
738,0,1
739,0,0
740,1,1
741,1,0
742,0,1
743,0,1
744,0,0
745,0,1
746,0,0
747,1,0
748,1,1
749,0,1
750,0,1
751,0,0
752,1,1
753,1,1
754,1,0
755,1,0
756,0,0
757,0,1
758,1,0
759,1,0
760,1,0
761,0,0
762,1,0
763,0,1
764,0,1
765,1,0
766,1,0
767,0,1
768,0,1
769,0,1
770,0,1
771,1,0
772,0,1
773,1,1
774,0,1
775,0,0
776,0,0
777,0,1
778,1,0
779,0,1
780,0,0
781,1,0
782,1,0
783,0,0
784,1,0
785,0,1
786,0,1
787,0,0
788,1,1
789,1,0
790,1,0
791,1,0
792,1,0
793,0,0
794,1,0
795,1,0
796,1,1
797,1,1
798,0,1
799,1,0
800,1,0
801,0,1
802,0,1
803,0,0
804,0,0
805,1,0
806,0,0
807,0,1
808,1,1
809,0,0
810,0,0
811,0,0
812,1,0
813,0,1
814,1,1
815,1,1
816,1,0
817,1,1
818,0,1
819,0,1
820,1,1
821,0,1
822,0,1
823,0,1
824,1,0
825,0,1
826,1,1
827,0,1
828,1,0
829,1,1
830,1,1
831,0,1
832,1,0
833,0,1
834,1,0
835,1,1
836,1,0
837,1,0
838,0,1
839,1,0
840,0,1
841,0,1
842,0,1
843,0,1
844,1,0
845,1,0
846,1,0
847,0,0
848,1,0
849,0,1
850,1,1
851,0,1
852,1,1
853,0,1
854,1,0
855,0,0
856,0,1
857,1,1
858,0,1
859,1,0
860,0,0
861,1,0
862,0,1
863,0,1
864,0,1
865,1,0
866,0,1
867,1,1
868,0,1
869,0,1
870,1,1
871,1,0
872,0,1
873,0,1
874,0,1
875,1,0
876,0,0
877,0,1
878,0,1
879,1,0
880,1,0
881,1,1
882,1,0
883,1,0
884,1,0
885,0,1
886,0,1
887,0,0
888,0,1
889,1,0
890,0,1
891,1,0
892,1,0
893,0,1
894,0,1
895,1,1
896,1,0
897,1,1
898,0,1
899,1,1
900,1,1
901,0,1
902,0,1
903,0,0
904,0,1
905,1,0
906,0,0
907,1,1
908,0,0
909,0,0
910,1,0
911,1,0
912,0,1
913,1,0
914,1,0
915,1,0
916,0,0
917,0,1
918,1,1
919,1,0
920,1,0
921,1,0
922,0,1
923,0,1
924,1,0
925,1,0
926,1,1
927,1,0
928,0,1
929,1,0
930,0,1
931,1,0
932,1,0
933,0,1
934,1,0
935,1,0
936,0,0
937,1,0
938,1,0
939,1,0
940,1,0
941,0,1
942,1,0
943,1,0
944,1,0
945,1,0
946,1,1
947,0,1
948,0,1
949,0,1
950,0,1
951,0,1
952,1,0
953,0,1
954,1,0
955,1,0
956,1,0
957,0,0
958,1,1
959,1,0
960,1,1
961,1,1
962,0,1
963,1,0
964,1,0
965,0,1
966,0,1
967,1,1
968,1,1
969,1,1
970,0,0
971,0,1
972,0,0
973,0,0
974,1,0
975,0,0
976,1,0
977,1,1
978,1,0
979,0,1
980,1,0
981,0,0
982,1,1
983,0,1
984,1,0
985,1,1
986,1,0
987,0,1
988,1,1
989,1,1
990,1,0
991,1,0
992,1,0
993,1,0
994,1,1
995,1,0
996,0,0
997,0,1
998,0,1
999,0,1
1000,1,0
1001,1,0
1002,1,0
1003,0,1
1004,1,0
1005,1,1
1006,0,0
1007,1,0
1008,0,1
1009,1,1
1010,0,1
1011,1,0
1012,0,1
1013,0,1
1014,1,1
1015,1,0
1016,0,0
1017,0,1
1018,0,1
1019,0,1
1020,0,1
1021,0,1
1022,0,1
1023,0,1
1024,1,0
1025,1,0
1026,0,1
1027,0,0
1028,0,1
1029,1,0
1030,0,0
1031,0,0
1032,0,0
1033,1,1
1034,0,1
1035,0,1
1036,0,1
1037,1,0
1038,1,1
1039,1,0
1040,1,1
1041,0,0
1042,0,1
1043,1,0
1044,0,1
1045,0,0
1046,1,1
1047,1,0
1048,0,1
1049,1,0
1050,0,1
1051,0,1
1052,0,1
1053,0,0
1054,0,1
1055,0,1
1056,0,0
1057,1,0
1058,1,0
1059,1,0
1060,0,0
1061,1,1
1062,1,0
1063,0,0
1064,0,0
1065,1,0
1066,1,0
1067,1,0
1068,0,1
1069,1,0
1070,1,1
1071,1,0
1072,1,0
1073,1,0
1074,1,1
1075,1,0
1076,1,0
1077,1,0
1078,1,0
1079,1,1
1080,0,1
1081,1,0
1082,0,1
1083,1,0
1084,1,0
1085,0,0
1086,0,0
1087,0,1
1088,1,0
1089,1,1
1090,1,0
1091,0,0
1092,0,1
1093,1,0
1094,1,1
1095,0,1
1096,0,1
1097,1,1
1098,1,0
1099,0,1
1100,1,1
1101,1,1
1102,0,1
1103,1,0
1104,0,1
1105,1,1
1106,0,1
1107,0,1
1108,0,1
1109,0,1
1110,0,1
1111,1,0
1112,1,0
1113,1,1
1114,1,1
1115,1,1
1116,0,1
1117,0,1
1118,1,0
1119,0,1
1120,0,0
1121,1,1
1122,1,0
1123,1,1
1124,0,1
1125,1,1
1126,1,0
1127,0,1
1128,1,1
1129,1,0
1130,1,0
1131,1,0
1132,0,1
1133,0,0
1134,1,0
1135,0,1
1136,0,1
1137,1,0
1138,1,0
1139,1,0
1140,0,1
1141,1,0
1142,1,1
1143,1,0
1144,1,0
1145,0,0
1146,1,0
1147,1,0
1148,1,1
1149,0,1
1150,1,0
1151,0,1
1152,0,1
1153,0,1
1154,0,1
1155,0,0
1156,0,0
1157,1,0
1158,0,0
1159,1,1
1160,1,0
1161,1,1
1162,1,0
1163,1,0
1164,0,1
1165,1,1
1166,1,0
1167,0,0
1168,0,0
1169,0,1
1170,0,1
1171,1,1
1172,0,1
1173,1,0
1174,0,1
1175,1,1
1176,1,1
1177,0,1
1178,0,1
1179,0,1
1180,1,1
1181,0,1
1182,0,1
1183,1,1
1184,1,0
1185,1,0
1186,0,0
1187,0,1
1188,1,0
1189,0,1
1190,1,1
1191,1,0
1192,0,0
1193,1,1
1194,1,0
1195,0,0
1196,1,0
1197,1,1
1198,1,1
1199,0,1
1200,0,1
1201,1,1
1202,0,1
1203,1,0
1204,1,0
1205,1,0
1206,0,0
1207,1,0
1208,0,0
1209,1,0
1210,1,0
1211,0,1
1212,0,0
1213,1,0
1214,0,1
1215,1,0
1216,0,0
1217,1,1
1218,0,0
1219,1,0
1220,1,0
1221,0,0
1222,1,1
1223,1,1
1224,0,1
1225,1,0
1226,1,0
1227,0,1
1228,1,0
1229,1,0
1230,0,1
1231,0,0
1232,0,1
1233,0,1
1234,0,0
1235,0,1
1236,0,1
1237,1,1
1238,0,1
1239,0,1
1240,1,0
1241,1,0
1242,0,0
1243,0,0
1244,0,1
1245,0,0
1246,0,0
1247,1,1
1248,1,1
1249,0,1
1250,0,1
1251,0,0
1252,1,1
1253,1,1
1254,1,0
1255,1,1
1256,0,0
1257,0,1
1258,1,1
1259,1,1
1260,1,0
1261,0,1
1262,1,0
1263,0,1
1264,0,1
1265,1,0
1266,1,0
1267,0,0
1268,0,1
1269,0,0
1270,0,0
1271,1,0
1272,0,1
1273,1,0
1274,0,0
1275,0,1
1276,0,0
1277,0,0
1278,1,1
1279,0,1
1280,0,1
1281,1,0
1282,1,0
1283,0,1
1284,1,0
1285,0,0
1286,0,0
1287,0,0
1288,1,0
1289,1,1
1290,1,0
1291,1,1
1292,1,1
1293,0,0
1294,1,0
1295,1,0
1296,1,1
1297,1,0
1298,0,1
1299,1,0
1300,1,0
1301,0,0
1302,0,1
1303,0,1
1304,0,1
1305,1,1
1306,0,1
1307,0,1
1308,1,0
1309,0,1
1310,0,0
1311,0,1
1312,1,0
1313,0,1
1314,1,0
1315,1,0
1316,1,0
1317,1,0
1318,0,0
1319,0,1
1320,1,0
1321,0,1
1322,0,1
1323,0,1
1324,1,1
1325,0,1
1326,1,1
1327,0,1
1328,1,1
1329,1,0
1330,1,1
1331,0,1
1332,1,0
1333,0,1
1334,1,0
1335,1,1
1336,1,0
1337,1,0
1338,0,0
1339,1,0
1340,0,1
1341,0,1
1342,0,1
1343,0,1
1344,1,1
1345,1,0
1346,1,0
1347,0,1
1348,1,0
1349,0,0
1350,1,0
1351,0,0
1352,1,0
1353,0,1
1354,1,0
1355,0,1
1356,0,1
1357,1,0
1358,0,0
1359,1,0
1360,0,1
1361,1,0
1362,0,1
1363,0,1
1364,0,1
1365,1,1
1366,0,1
1367,1,0
1368,0,1
1369,0,1
1370,1,1
1371,1,0
1372,0,0
1373,0,1
1374,0,1
1375,1,0
1376,0,1
1377,0,1
1378,0,1
1379,1,0
1380,1,0
1381,1,0
1382,1,0
1383,1,0
1384,1,0
1385,0,1
1386,0,0
1387,0,1
1388,0,1
1389,1,1
1390,0,1
1391,1,0
1392,1,1
1393,0,1
1394,0,1
1395,1,0
1396,1,0
1397,1,0
1398,0,1
1399,1,0
1400,1,0
1401,0,0
1402,0,1
1403,0,1
1404,0,0
1405,1,1
1406,0,1
1407,1,0
1408,0,1
1409,0,0
1410,1,0
1411,1,0
1412,0,1
1413,1,0
1414,1,1
1415,1,0
1416,0,1
1417,0,1
1418,1,1
1419,1,0
1420,1,0
1421,1,0
1422,0,1
1423,0,0
1424,1,0
1425,1,1
1426,1,0
1427,1,0
1428,0,1
1429,1,0
1430,0,1
1431,1,0
1432,1,0
1433,0,0
1434,1,1
1435,1,0
1436,0,0
1437,1,1
1438,1,0
1439,1,0
1440,1,0
1441,0,0
1442,1,1
1443,1,0
1444,1,0
1445,1,1
1446,1,1
1447,0,1
1448,0,1
1449,0,1
1450,0,0
1451,0,0
1452,1,0
1453,0,1
1454,1,0
1455,1,0
1456,1,1
1457,0,1
1458,1,0
1459,1,1
1460,1,0
1461,1,0
1462,0,1
1463,1,0
1464,1,1
1465,0,1
1466,0,0
1467,1,0
1468,1,0
1469,1,1
1470,0,1
1471,0,0
1472,0,1
1473,0,1
1474,1,0
1475,0,0
1476,1,0
1477,1,0
1478,1,1
1479,0,0
1480,1,0
1481,0,1
1482,1,0
1483,0,1
1484,1,0
1485,1,0
1486,1,0
1487,0,1
1488,1,0
1489,1,0
1490,1,0
1491,1,0
1492,1,0
1493,1,0
1494,1,0
1495,1,0
1496,0,1
1497,0,1
1498,0,0
1499,0,0
1500,1,0
1501,1,0
1502,1,1
1503,0,1
1504,1,0
1505,1,0
1506,0,1
1507,1,0
1508,0,0
1509,1,0
1510,0,1
1511,1,0
1512,0,1
1513,0,1
1514,1,1
1515,1,0
1516,0,1
1517,0,1
1518,0,1
1519,0,1
1520,0,1
1521,0,0
1522,0,0
1523,0,0
1524,1,0
1525,1,1
1526,0,1
1527,0,0
1528,0,0
1529,1,0
1530,0,0
1531,0,1
1532,0,1
1533,1,0
1534,0,1
1535,0,1
1536,0,1
1537,1,0
1538,1,0
1539,1,0
1540,1,0
1541,0,1
1542,0,1
1543,1,0
1544,0,0
1545,0,1
1546,1,0
1547,1,0
1548,0,1
1549,1,1
1550,0,1
1551,0,1
1552,0,0
1553,0,1
1554,0,0
1555,0,1
1556,0,0
1557,1,0
1558,1,1
1559,1,0
1560,0,0
1561,1,0
1562,1,0
1563,0,0
1564,0,1
1565,1,0
1566,1,0
1567,1,0
1568,0,0
1569,1,1
1570,1,0
1571,1,0
1572,1,0
1573,1,0
1574,1,0
1575,1,0
1576,1,0
1577,1,0
1578,1,0
1579,1,1
1580,0,0
1581,1,0
1582,0,1
1583,1,1
1584,1,0
1585,0,0
1586,0,1
1587,0,1
1588,1,0
1589,1,1
1590,1,0
1591,0,0
1592,0,1
1593,1,0
1594,1,0
1595,0,1
1596,0,0
1597,1,1
1598,1,0
1599,0,1
1600,1,1
1601,1,0
1602,0,1
1603,1,0
1604,0,1
1605,1,0
1606,0,1
1607,0,1
1608,0,1
1609,0,1
1610,0,1
1611,1,1
1612,1,1
1613,1,1
1614,1,0
1615,1,1
1616,0,1
1617,0,1
1618,1,0
1619,0,0
1620,0,0
1621,1,1
1622,1,1
1623,1,0
1624,0,0
1625,1,0
1626,1,0
1627,0,1
1628,1,1
1629,1,0
1630,1,0
1631,1,0
1632,0,1
1633,0,1
1634,1,1
1635,0,1
1636,0,1
1637,1,1
1638,1,1
1639,1,0
1640,0,1
1641,1,0
1642,1,0
1643,1,0
1644,1,0
1645,0,1
1646,1,0
1647,1,1
1648,1,0
1649,0,1
1650,1,0
1651,0,1
1652,0,0
1653,0,1
1654,0,0
1655,0,1
1656,0,0
1657,1,0
1658,0,1
1659,1,0
1660,1,0
1661,1,0
1662,1,0
1663,1,0
1664,0,0
1665,1,0
1666,1,1
1667,0,1
1668,0,1
1669,0,1
1670,0,0
1671,1,1
1672,0,0
1673,1,0
1674,0,1
1675,1,0
1676,1,1
1677,0,1
1678,0,0
1679,0,1
1680,1,1
1681,0,0
1682,0,0
1683,1,0
1684,1,0
1685,1,0
1686,0,1
1687,0,1
1688,1,0
1689,0,0
1690,1,0
1691,1,0
1692,0,1
1693,1,0
1694,1,0
1695,0,0
1696,1,1
1697,1,0
1698,1,0
1699,0,1
1700,0,1
1701,1,0
1702,0,0
1703,1,0
1704,1,0
1705,1,0
1706,0,1
1707,1,1
1708,0,1
1709,1,0
1710,1,1
1711,0,0
1712,0,1
1713,1,0
1714,0,1
1715,1,0
1716,0,1
1717,1,1
1718,0,1
1719,1,0
1720,1,1
1721,0,1
1722,1,0
1723,1,0
1724,0,1
1725,1,1
1726,1,0
1727,0,0
1728,1,1
1729,1,0
1730,0,1
1731,0,1
1732,0,1
1733,0,1
1734,0,0
1735,0,1
1736,0,1
1737,1,0
1738,0,1
1739,0,0
1740,1,0
1741,1,0
1742,0,1
1743,0,1
1744,0,1
1745,0,0
1746,0,1
1747,1,1
1748,1,0
1749,0,0
1750,0,0
1751,0,1
1752,1,0
1753,1,0
1754,1,0
1755,1,1
1756,0,1
1757,0,1
1758,1,1
1759,1,0
1760,1,0
1761,0,1
1762,1,1
1763,0,1
1764,0,1
1765,1,0
1766,1,0
1767,0,1
1768,0,1
1769,0,0
1770,0,1
1771,1,0
1772,0,0
1773,1,1
1774,0,1
1775,0,1
1776,0,0
1777,0,1
1778,1,1
1779,0,1
1780,0,1
1781,1,0
1782,1,0
1783,0,1
1784,1,0
1785,0,1
1786,0,1
1787,0,1
1788,1,1
1789,1,0
1790,1,1
1791,1,0
1792,1,0
1793,0,1
1794,1,0
1795,1,1
1796,1,0
1797,1,0
1798,0,1
1799,1,0
1800,1,1
1801,0,0
1802,0,0
1803,0,1
1804,0,0
1805,1,0
1806,0,1
1807,0,0
1808,1,0
1809,0,1
1810,0,1
1811,0,0
1812,1,0
1813,0,1
1814,1,1
1815,1,0
1816,1,0
1817,1,1
1818,0,0
1819,0,0
1820,1,0
1821,0,0
1822,0,1
1823,0,1
1824,1,0
1825,0,1
1826,1,0
1827,0,1
1828,1,0
1829,1,1
1830,1,0
1831,0,1
1832,1,1
1833,0,1
1834,1,0
1835,1,0
1836,1,1
1837,1,0
1838,0,1
1839,1,0
1840,0,1
1841,0,1
1842,0,0
1843,0,0
1844,1,0
1845,1,0
1846,1,0
1847,0,1
1848,1,1
1849,0,0
1850,1,0
1851,0,1
1852,1,0
1853,0,1
1854,1,1
1855,0,1
1856,0,0
1857,1,0
1858,0,1
1859,1,1
1860,0,1
1861,1,1
1862,0,1
1863,0,1
1864,0,1
1865,1,1
1866,0,0
1867,1,0
1868,0,1
1869,0,0
1870,1,0
1871,1,0
1872,0,1
1873,0,0
1874,0,0
1875,1,0
1876,0,1
1877,0,0
1878,0,1
1879,1,0
1880,1,0
1881,1,0
1882,1,0
1883,1,1
1884,1,1
1885,0,1
1886,0,0
1887,0,0
1888,0,1
1889,1,1
1890,0,0
1891,1,0
1892,1,0
1893,0,1
1894,0,1
1895,1,0
1896,1,0
1897,1,1
1898,0,1
1899,1,0
1900,1,0
1901,0,1
1902,0,1
1903,0,1
1904,0,1
1905,1,0
1906,0,0
1907,1,1
1908,0,1
1909,0,1
1910,1,0
1911,1,0
1912,0,0
1913,1,1
1914,1,0
1915,1,1
1916,0,0
1917,0,1
1918,1,1
1919,1,0
1920,1,0
1921,1,0
1922,0,1
1923,0,1
1924,1,1
1925,1,0
1926,1,1
1927,1,0
1928,0,1
1929,1,1
1930,0,0
1931,1,0
1932,1,0
1933,0,1
1934,1,0
1935,1,1
1936,0,0
1937,1,0
1938,1,0
1939,1,0
1940,1,1
1941,0,0
1942,1,0
1943,1,0
1944,1,1
1945,1,1
1946,1,0
1947,0,1
1948,0,0
1949,0,1
1950,0,0
1951,0,1
1952,1,0
1953,0,1
1954,1,0
1955,1,0
1956,1,1
1957,0,1
1958,1,0
1959,1,0
1960,1,0
1961,1,0
1962,0,1
1963,1,1
1964,1,1
1965,0,1
1966,0,1
1967,1,1
1968,1,1
1969,1,0
1970,0,0
1971,0,1
1972,0,1
1973,0,1
1974,1,0
1975,0,0
1976,1,0
1977,1,1
1978,1,0
1979,0,0
1980,1,0
1981,0,1
1982,1,0
1983,0,1
1984,1,0
1985,1,1
1986,1,1
1987,0,1
1988,1,1
1989,1,0
1990,1,0
1991,1,0
1992,1,1
1993,1,1
1994,1,0
1995,1,0
1996,0,1
1997,0,0
1998,0,1
1999,0,1
2000,1,0
2001,1,0
2002,1,0
2003,0,0
2004,1,0
2005,1,0
2006,0,0
2007,1,0
2008,0,1
2009,1,0
2010,0,1
2011,1,1
2012,0,1
2013,0,1
2014,1,0
2015,1,1
2016,0,1
2017,0,0
2018,0,1
2019,0,1
2020,0,1
2021,0,0
2022,0,0
2023,0,0
2024,1,0
2025,1,0
2026,0,1
2027,0,0
2028,0,0
2029,1,1
2030,0,1
2031,0,0
2032,0,1
2033,1,0
2034,0,1
2035,0,1
2036,0,0
2037,1,0
2038,1,1
2039,1,0
2040,1,0
2041,0,1
2042,0,1
2043,1,1
2044,0,1
2045,0,1
2046,1,0
2047,1,0
2048,0,1
2049,1,0
2050,0,1
2051,0,0
2052,0,0
2053,0,1
2054,0,1
2055,0,0
2056,0,0
2057,1,0
2058,1,0
2059,1,1
2060,0,0
2061,1,1
2062,1,0
2063,0,0
2064,0,1
2065,1,1
2066,1,0
2067,1,0
2068,0,0
2069,1,0
2070,1,0
2071,1,1
2072,1,0
2073,1,1
2074,1,0
2075,1,0
2076,1,0
2077,1,1
2078,1,0
2079,1,0
2080,0,0
2081,1,0
2082,0,1
2083,1,1
2084,1,0
2085,0,0
2086,0,1
2087,0,1
2088,1,0
2089,1,1
2090,1,0
2091,0,1
2092,0,1
2093,1,0
2094,1,0
2095,0,1
2096,0,1
2097,1,1
2098,1,0
2099,0,1
2100,1,0
2101,1,0
2102,0,0
2103,1,1
2104,0,1
2105,1,0
2106,0,1
2107,0,1
2108,0,0
2109,0,1
2110,0,1
2111,1,0
2112,1,1
2113,1,0
2114,1,1
2115,1,1
2116,0,1
2117,0,1
2118,1,0
2119,0,0
2120,0,1
2121,1,0
2122,1,0
2123,1,1
2124,0,1
2125,1,0
2126,1,0
2127,0,1
2128,1,1
2129,1,0
2130,1,0
2131,1,0
2132,0,1
2133,0,1
2134,1,0
2135,0,1
2136,0,0
2137,1,1
2138,1,1
2139,1,0
2140,0,1
2141,1,0
2142,1,0
2143,1,0
2144,1,0
2145,0,1
2146,1,0
2147,1,1
2148,1,0
2149,0,1
2150,1,0
2151,0,0
2152,0,1
2153,0,1
2154,0,0
2155,0,0
2156,0,1
2157,1,0
2158,0,1
2159,1,0
2160,1,1
2161,1,1
2162,1,1
2163,1,0
2164,0,1
2165,1,0
2166,1,0
2167,0,1
2168,0,1
2169,0,0
2170,0,0
2171,1,0
2172,0,1
2173,1,1
2174,0,1
2175,1,0
2176,1,1
2177,0,1
2178,0,0
2179,0,1
2180,1,0
2181,0,0
2182,0,1
2183,1,0
2184,1,0
2185,1,1
2186,0,1
2187,0,1
2188,1,1
2189,0,1
2190,1,0
2191,1,1
2192,0,0
2193,1,0
2194,1,0
2195,0,1
2196,1,0
2197,1,1
2198,1,1
2199,0,1
2200,0,1
2201,1,0
2202,0,1
2203,1,0
2204,1,1
2205,1,1
2206,0,1
2207,1,0
2208,0,1
2209,1,1
2210,1,1
2211,0,1
2212,0,1
2213,1,0
2214,0,1
2215,1,0
2216,0,0
2217,1,0
2218,0,1
2219,1,1
2220,1,0
2221,0,1
2222,1,1
2223,1,0
2224,0,1
2225,1,1
2226,1,0
2227,0,0
2228,1,1
2229,1,0
2230,0,1
2231,0,1
2232,0,1
2233,0,0
2234,0,0
2235,0,1
2236,0,1
2237,1,0
2238,0,1
2239,0,0
2240,1,0
2241,1,1
2242,0,1
2243,0,0
2244,0,1
2245,0,0
2246,0,1
2247,1,0
2248,1,1
2249,0,1
2250,0,1
2251,0,0
2252,1,0
2253,1,0
2254,1,0
2255,1,1
2256,0,1
2257,0,0
2258,1,0
2259,1,1
2260,1,0
2261,0,1
2262,1,0
2263,0,0
2264,0,1
2265,1,1
2266,1,0
2267,0,1
2268,0,1
2269,0,1
2270,0,1
2271,1,0
2272,0,1
2273,1,0
2274,0,1
2275,0,1
2276,0,0
2277,0,1
2278,1,1
2279,0,1
2280,0,1
2281,1,1
2282,1,1
2283,0,1
2284,1,0
2285,0,1
2286,0,1
2287,0,1
2288,1,0
2289,1,0
2290,1,1
2291,1,0
2292,1,0
2293,0,1
2294,1,1
2295,1,0
2296,1,1
2297,1,1
2298,0,0
2299,1,0
2300,1,0
2301,0,1
2302,0,0
2303,0,0
2304,0,1
2305,1,0
2306,0,1
2307,0,0
2308,1,1
2309,0,0
2310,0,1
2311,0,1
2312,1,0
2313,0,1
2314,1,0
2315,1,0
2316,1,0
2317,1,0
2318,0,1
2319,0,1
2320,1,0
2321,0,1
2322,0,1
2323,0,1
2324,1,0
2325,0,1
2326,1,1
2327,0,0
2328,1,0
2329,1,1
2330,1,0
2331,0,1
2332,1,0
2333,0,1
2334,1,0
2335,1,0
2336,1,0
2337,1,0
2338,0,1
2339,1,1
2340,0,1
2341,0,1
2342,0,0
2343,0,1
2344,1,0
2345,1,0
2346,1,0
2347,0,1
2348,1,0
2349,0,1
2350,1,0
2351,0,1
2352,1,0
2353,0,0
2354,1,0
2355,0,1
2356,0,1
2357,1,1
2358,0,1
2359,1,0
2360,0,1
2361,1,0
2362,0,0
2363,0,1
2364,0,1
2365,1,0
2366,0,1
2367,1,1
2368,0,0
2369,0,1
2370,1,0
2371,1,0
2372,0,1
2373,0,1
2374,0,0
2375,1,0
2376,0,0
2377,0,1
2378,0,1
2379,1,0
2380,1,0
2381,1,1
2382,1,0
2383,1,0
2384,1,1
2385,0,0
2386,0,1
2387,0,0
2388,0,1
2389,1,0
2390,0,1
2391,1,0
2392,1,0
2393,0,0
2394,0,1
2395,1,0
2396,1,1
2397,1,0
2398,0,1
2399,1,0
2400,1,1
2401,0,0
2402,0,0
2403,0,0
2404,0,0
2405,1,1
2406,0,0
2407,1,0
2408,0,1
2409,0,0
2410,1,0
2411,1,0
2412,0,1
2413,1,0
2414,1,0
2415,1,0
2416,0,1
2417,0,1
2418,1,0
2419,1,0
2420,1,0
2421,1,0
2422,0,1
2423,0,1
2424,1,0
2425,1,1
2426,1,0
2427,1,0
2428,0,0
2429,1,0
2430,0,1
2431,1,0
2432,1,1
2433,0,1
2434,1,0
2435,1,0
2436,0,0
2437,1,1
2438,1,0
2439,1,1
2440,1,1
2441,0,1
2442,1,0
2443,1,0
2444,1,0
2445,1,0
2446,1,0
2447,0,0
2448,0,1
2449,0,0
2450,0,1
2451,0,0
2452,1,1
2453,0,1
2454,1,0
2455,1,0
2456,1,1
2457,0,1
2458,1,1
2459,1,0
2460,1,0
2461,1,0
2462,0,0
2463,1,0
2464,1,1
2465,0,0
2466,0,1
2467,1,0
2468,1,1
2469,1,1
2470,0,1
2471,0,1
2472,0,1
2473,0,1
2474,1,1
2475,0,1
2476,1,0
2477,1,0
2478,1,0
2479,0,0
2480,1,0
2481,0,0
2482,1,1
2483,0,0
2484,1,0
2485,1,1
2486,1,0
2487,0,0
2488,1,0
2489,1,0
2490,1,0
2491,1,0
2492,1,0
2493,1,0
2494,1,0
2495,1,1
2496,0,1
2497,0,1
2498,0,1
2499,0,1
2500,1,1
2501,1,1
2502,1,0
2503,0,1
2504,1,0
2505,1,0
2506,0,1
2507,1,1
2508,0,1
2509,1,0
2510,0,1
2511,1,0
2512,0,1
2513,0,0
2514,1,1
2515,1,0
2516,0,1
2517,0,1
2518,0,0
2519,0,1
2520,0,0
2521,0,1
2522,0,0
2523,0,1
2524,1,1
2525,1,0
2526,0,1
2527,0,0
2528,0,1
2529,1,0
2530,0,1
2531,0,0
2532,0,0
2533,1,1
2534,0,1
2535,0,1
2536,0,1
2537,1,0
2538,1,0
2539,1,0
2540,1,1
2541,0,0
2542,0,1
2543,1,0
2544,0,1
2545,0,1
2546,1,0
2547,1,0
2548,0,1
2549,1,0
2550,0,1
2551,0,0
2552,0,1
2553,0,1
2554,0,0
2555,0,1
2556,0,0
2557,1,0
2558,1,1
2559,1,0
2560,0,0
2561,1,0
2562,1,0
2563,0,0
2564,0,0
2565,1,1
2566,1,1
2567,1,1
2568,0,1
2569,1,0
2570,1,1
2571,1,0
2572,1,0
2573,1,1
2574,1,0
2575,1,1
2576,1,0
2577,1,0
2578,1,0
2579,1,0
2580,0,1
2581,1,0
2582,0,1
2583,1,0
2584,1,0
2585,0,1
2586,0,1
2587,0,0
2588,1,1
2589,1,0
2590,1,0
2591,0,1
2592,0,1
2593,1,1
2594,1,1
2595,0,1
2596,0,1
2597,1,0
2598,1,0
2599,0,1
2600,1,0
2601,1,0
2602,0,1
2603,1,1
2604,0,1
2605,1,0
2606,0,0
2607,0,1
2608,0,0
2609,0,1
2610,0,0
2611,1,0
2612,1,0
2613,1,1
2614,1,0
2615,1,1
2616,0,0
2617,0,1
2618,1,0
2619,0,1
2620,0,1
2621,1,0
2622,1,1
2623,1,0
2624,0,1
2625,1,0
2626,1,1
2627,0,0
2628,1,0
2629,1,1
2630,1,0
2631,1,1
2632,0,1
2633,0,0
2634,1,1
2635,0,1
2636,0,1
2637,1,0
2638,1,1
2639,1,0
2640,0,1
2641,1,0
2642,1,0
2643,1,0
2644,1,0
2645,0,1
2646,1,0
2647,1,1
2648,1,0
2649,0,1
2650,1,0
2651,0,1
2652,0,0
2653,0,0
2654,0,1
2655,0,0
2656,0,0
2657,1,0
2658,0,1
2659,1,0
2660,1,0
2661,1,0
2662,1,0
2663,1,0
2664,0,1
2665,1,1
2666,1,0
2667,0,0
2668,0,1
2669,0,1
2670,0,0
2671,1,0
2672,0,1
2673,1,0
2674,0,1
2675,1,0
2676,1,1
2677,0,1
2678,0,1
2679,0,0
2680,1,0
2681,0,1
2682,0,1
2683,1,0
2684,1,0
2685,1,0
2686,0,0
2687,0,1
2688,1,0
2689,0,1
2690,1,0
2691,1,1
2692,0,1
2693,1,0
2694,1,0
2695,0,1
2696,1,1
2697,1,0
2698,1,0
2699,0,0
2700,0,1
2701,1,0
2702,0,0
2703,1,1
2704,1,1
2705,1,0
2706,0,1
2707,1,0
2708,0,1
2709,1,0
2710,1,1
2711,0,0
2712,0,1
2713,1,0
2714,0,0
2715,1,1
2716,0,1
2717,1,0
2718,0,0
2719,1,0
2720,1,0
2721,0,0
2722,1,0
2723,1,1
2724,0,1
2725,1,1
2726,1,1
2727,0,1
2728,1,1
2729,1,0
2730,0,0
2731,0,1
2732,0,1
2733,0,1
2734,0,1
2735,0,1
2736,0,1
2737,1,1
2738,0,0
2739,0,1
2740,1,0
2741,1,0
2742,0,1
2743,0,1
2744,0,1
2745,0,0
2746,0,1
2747,1,1
2748,1,0
2749,0,0
2750,0,1
2751,0,0
2752,1,0
2753,1,0
2754,1,0
2755,1,1
2756,0,1
2757,0,1
2758,1,0
2759,1,0
2760,1,0
2761,0,1
2762,1,0
2763,0,1
2764,0,1
2765,1,1
2766,1,0
2767,0,1
2768,0,1
2769,0,1
2770,0,1
2771,1,0
2772,0,1
2773,1,0
2774,0,1
2775,0,1
2776,0,1
2777,0,1
2778,1,0
2779,0,1
2780,0,1
2781,1,0
2782,1,1
2783,0,1
2784,1,0
2785,0,1
2786,0,1
2787,0,0
2788,1,0
2789,1,1
2790,1,1
2791,1,0
2792,1,1
2793,0,1
2794,1,0
2795,1,0
2796,1,0
2797,1,0
2798,0,0
2799,1,1
2800,1,0
2801,0,1
2802,0,1
2803,0,1
2804,0,1
2805,1,0
2806,0,1
2807,0,1
2808,1,0
2809,0,1
2810,0,0
2811,0,0
2812,1,0
2813,0,1
2814,1,1
2815,1,1
2816,1,0
2817,1,0
2818,0,1
2819,0,0
2820,1,1
2821,0,0
2822,0,1
2823,0,1
2824,1,1
2825,0,1
2826,1,0
2827,0,0
2828,1,0
2829,1,0
2830,1,0
2831,0,0
2832,1,0
2833,0,1
2834,1,0
2835,1,0
2836,1,1
2837,1,1
2838,0,0
2839,1,1
2840,0,0
2841,0,0
2842,0,1
2843,0,1
2844,1,1
2845,1,1
2846,1,0
2847,0,1
2848,1,1
2849,0,1
2850,1,1
2851,0,0
2852,1,1
2853,0,0
2854,1,0
2855,0,1
2856,0,1
2857,1,0
2858,0,1
2859,1,1
2860,0,0
2861,1,1
2862,0,0
2863,0,0
2864,0,0
2865,1,0
2866,0,1
2867,1,0
2868,0,1
2869,0,0
2870,1,1
2871,1,1
2872,0,1
2873,0,1
2874,0,0
2875,1,0
2876,0,1
2877,0,1
2878,0,1
2879,1,0
2880,1,1
2881,1,0
2882,1,0
2883,1,1
2884,1,1
2885,0,1
2886,0,1
2887,0,1
2888,0,1
2889,1,0
2890,0,1
2891,1,0
2892,1,1
2893,0,1
2894,0,1
2895,1,0
2896,1,0
2897,1,1
2898,0,0
2899,1,0
2900,1,0
2901,0,1
2902,0,1
2903,0,1
2904,0,1
2905,1,0
2906,0,0
2907,1,1
2908,0,0
2909,0,1
2910,1,0
2911,1,1
2912,0,1
2913,1,0
2914,1,0
2915,1,1
2916,0,0
2917,0,1
2918,1,1
2919,1,0
2920,1,0
2921,1,0
2922,0,1
2923,0,0
2924,1,1
2925,1,0
2926,1,0
2927,1,0
2928,0,1
2929,1,0
2930,0,1
2931,1,0
2932,1,0
2933,0,1
2934,1,0
2935,1,0
2936,0,0
2937,1,0
2938,1,0
2939,1,1
2940,1,0
2941,0,1
2942,1,0
2943,1,0
2944,1,0
2945,1,0
2946,1,0
2947,0,0
2948,0,0
2949,0,1
2950,0,1
2951,0,1
2952,1,1
2953,0,0
2954,1,0
2955,1,1
2956,1,0
2957,0,1
2958,1,0
2959,1,1
2960,1,0
2961,1,0
2962,0,1
2963,1,1
2964,1,0
2965,0,0
2966,0,0
2967,1,0
2968,1,0
2969,1,0
2970,0,1
2971,0,1
2972,0,1
2973,0,1
2974,1,0
2975,0,1
2976,1,0
2977,1,0
2978,1,0
2979,0,0
2980,1,0
2981,0,1
2982,1,1
2983,0,0
2984,1,0
2985,1,0
2986,1,1
2987,0,1
2988,1,0
2989,1,0
2990,1,0
2991,1,0
2992,1,0
2993,1,0
2994,1,1
2995,1,0
2996,0,1
2997,0,1
2998,0,0
2999,0,0
3000,1,1
3001,1,0
3002,1,0
3003,0,0
3004,1,0
3005,1,0
3006,0,1
3007,1,1
3008,0,1
3009,1,0
3010,0,0
3011,1,1
3012,0,1
3013,0,0
3014,1,0
3015,1,0
3016,0,0
3017,0,1
3018,0,0
3019,0,1
3020,0,1
3021,0,0
3022,0,1
3023,0,1
3024,1,0
3025,1,0
3026,0,0
3027,0,1
3028,0,0
3029,1,0
3030,0,1
3031,0,1
3032,0,1
3033,1,1
3034,0,1
3035,0,1
3036,0,1
3037,1,1
3038,1,0
3039,1,0
3040,1,0
3041,0,1
3042,0,1
3043,1,0
3044,0,1
3045,0,1
3046,1,1
3047,1,0
3048,0,1
3049,1,0
3050,0,1
3051,0,1
3052,0,0
3053,0,0
3054,0,1
3055,0,1
3056,0,1
3057,1,1
3058,1,1
3059,1,0
3060,0,0
3061,1,0
3062,1,0
3063,0,1
3064,0,0
3065,1,1
3066,1,0
3067,1,1
3068,0,0
3069,1,0
3070,1,1
3071,1,0
3072,1,1
3073,1,1
3074,1,1
3075,1,1
3076,1,0
3077,1,0
3078,1,0
3079,1,0
3080,0,1
3081,1,0
3082,0,1
3083,1,1
3084,1,0
3085,0,1
3086,0,0
3087,0,1
3088,1,0
3089,1,0
3090,1,1
3091,0,1
3092,0,1
3093,1,0
3094,1,0
3095,0,1
3096,0,1
3097,1,1
3098,1,0
3099,0,1
3100,1,0
3101,1,1
3102,0,1
3103,1,0
3104,0,1
3105,1,0
3106,0,0
3107,0,0
3108,0,1
3109,0,1
3110,0,1
3111,1,0
3112,1,1
3113,1,0
3114,1,1
3115,1,0
3116,0,1
3117,0,1
3118,1,1
3119,0,0
3120,0,1
3121,1,0
3122,1,1
3123,1,0
3124,0,1
3125,1,0
3126,1,0
3127,0,1
3128,1,0
3129,1,0
3130,1,1
3131,1,1
3132,0,1
3133,0,1
3134,1,0
3135,0,0
3136,0,0
3137,1,1
3138,1,1
3139,1,0
3140,0,1
3141,1,0
3142,1,0
3143,1,0
3144,1,0
3145,0,1
3146,1,1
3147,1,1
3148,1,1
3149,0,1
3150,1,0
3151,0,0
3152,0,0
3153,0,1
3154,0,1
3155,0,1
3156,0,1
3157,1,0
3158,0,0
3159,1,0
3160,1,1
3161,1,0
3162,1,0
3163,1,0
3164,0,1
3165,1,0
3166,1,1
3167,0,0
3168,0,0
3169,0,1
3170,0,0
3171,1,0
3172,0,0
3173,1,0
3174,0,1
3175,1,1
3176,1,1
3177,0,1
3178,0,0
3179,0,1
3180,1,0
3181,0,1
3182,0,1
3183,1,0
3184,1,1
3185,1,0
3186,0,1
3187,0,1
3188,1,1
3189,0,1
3190,1,0
3191,1,1
3192,0,0
3193,1,1
3194,1,0
3195,0,1
3196,1,0
3197,1,0
3198,1,0
3199,0,1
3200,0,1
3201,1,1
3202,0,0
3203,1,1
3204,1,0
3205,1,0
3206,0,1
3207,1,0
3208,0,0
3209,1,1
3210,1,0
3211,0,1
3212,0,1
3213,1,1
3214,0,1
3215,1,0
3216,0,0
3217,1,0
3218,0,1
3219,1,0
3220,1,0
3221,0,0
3222,1,0
3223,1,0
3224,0,1
3225,1,0
3226,1,1
3227,0,1
3228,1,0
3229,1,0
3230,0,1
3231,0,1
3232,0,0
3233,0,1
3234,0,1
3235,0,1
3236,0,0
3237,1,0
3238,0,1
3239,0,1
3240,1,0
3241,1,1
3242,0,1
3243,0,1
3244,0,1
3245,0,1
3246,0,1
3247,1,0
3248,1,0
3249,0,1
3250,0,1
3251,0,0
3252,1,0
3253,1,0
3254,1,0
3255,1,0
3256,0,0
3257,0,1
3258,1,1
3259,1,0
3260,1,1
3261,0,1
3262,1,0
3263,0,1
3264,0,1
3265,1,1
3266,1,0
3267,0,1
3268,0,1
3269,0,1
3270,0,0
3271,1,0
3272,0,0
3273,1,0
3274,0,1
3275,0,0
3276,0,1
3277,0,0
3278,1,1
3279,0,0
3280,0,1
3281,1,0
3282,1,1
3283,0,0
3284,1,1
3285,0,1
3286,0,1
3287,0,1
3288,1,0
3289,1,1
3290,1,1
3291,1,0
3292,1,0
3293,0,1
3294,1,1
3295,1,0
3296,1,0
3297,1,1
3298,0,0
3299,1,0
3300,1,0
3301,0,1
3302,0,1
3303,0,1
3304,0,1
3305,1,1
3306,0,0
3307,0,1
3308,1,0
3309,0,0
3310,0,1
3311,0,1
3312,1,0
3313,0,1
3314,1,0
3315,1,0
3316,1,0
3317,1,0
3318,0,1
3319,0,0
3320,1,0
3321,0,1
3322,0,1
3323,0,1
3324,1,1
3325,0,1
3326,1,1
3327,0,1
3328,1,0
3329,1,0
3330,1,1
3331,0,1
3332,1,0
3333,0,1
3334,1,0
3335,1,0
3336,1,0
3337,1,1
3338,0,0
3339,1,0
3340,0,1
3341,0,0
3342,0,1
3343,0,1
3344,1,1
3345,1,0
3346,1,0
3347,0,0
3348,1,1
3349,0,1
3350,1,1
3351,0,1
3352,1,0
3353,0,0
3354,1,0
3355,0,1
3356,0,1
3357,1,0
3358,0,0
3359,1,0
3360,0,1
3361,1,0
3362,0,1
3363,0,1
3364,0,1
3365,1,1
3366,0,0
3367,1,1
3368,0,1
3369,0,1
3370,1,1
3371,1,0
3372,0,1
3373,0,1
3374,0,0
3375,1,0
3376,0,0
3377,0,0
3378,0,1
3379,1,0
3380,1,0
3381,1,0
3382,1,0
3383,1,0
3384,1,0
3385,0,1
3386,0,1
3387,0,1
3388,0,0
3389,1,0
3390,0,0
3391,1,1
3392,1,1
3393,0,1
3394,0,1
3395,1,0
3396,1,0
3397,1,0
3398,0,1
3399,1,1
3400,1,0
3401,0,1
3402,0,1
3403,0,1
3404,0,0
3405,1,0
3406,0,0
3407,1,0
3408,0,0
3409,0,0
3410,1,0
3411,1,1
3412,0,1
3413,1,0
3414,1,0
3415,1,1
3416,0,1
3417,0,1
3418,1,0
3419,1,1
3420,1,1
3421,1,0
3422,0,0
3423,0,0
3424,1,1
3425,1,0
3426,1,0
3427,1,0
3428,0,1
3429,1,0
3430,0,1
3431,1,0
3432,1,1
3433,0,1
3434,1,0
3435,1,0
3436,0,1
3437,1,0
3438,1,0
3439,1,0
3440,1,0
3441,0,0
3442,1,0
3443,1,0
3444,1,0
3445,1,1
3446,1,0
3447,0,1
3448,0,1
3449,0,1
3450,0,1
3451,0,1
3452,1,1
3453,0,1
3454,1,0
3455,1,1
3456,1,0
3457,0,1
3458,1,0
3459,1,0
3460,1,0
3461,1,0
3462,0,1
3463,1,0
3464,1,1
3465,0,1
3466,0,1
3467,1,0
3468,1,0
3469,1,1
3470,0,1
3471,0,1
3472,0,0
3473,0,1
3474,1,0
3475,0,1
3476,1,0
3477,1,1
3478,1,0
3479,0,0
3480,1,0
3481,0,1
3482,1,0
3483,0,1
3484,1,0
3485,1,0
3486,1,1
3487,0,1
3488,1,0
3489,1,0
3490,1,0
3491,1,1
3492,1,1
3493,1,0
3494,1,0
3495,1,1
3496,0,1
3497,0,1
3498,0,1
3499,0,0
3500,1,0
3501,1,0
3502,1,0
3503,0,0
3504,1,0
3505,1,0
3506,0,0
3507,1,1
3508,0,0
3509,1,1
3510,0,0
3511,1,0
3512,0,1
3513,0,0
3514,1,0
3515,1,0
3516,0,1
3517,0,0
3518,0,0
3519,0,0
3520,0,1
3521,0,1
3522,0,0
3523,0,0
3524,1,1
3525,1,0
3526,0,0
3527,0,1
3528,0,0
3529,1,0
3530,0,1
3531,0,0
3532,0,0
3533,1,0
3534,0,1
3535,0,1
3536,0,0
3537,1,0
3538,1,0
3539,1,0
3540,1,0
3541,0,1
3542,0,1
3543,1,0
3544,0,1
3545,0,1
3546,1,0
3547,1,1
3548,0,1
3549,1,0
3550,0,0
3551,0,1
3552,0,0
3553,0,1
3554,0,1
3555,0,0
3556,0,1
3557,1,0
3558,1,0
3559,1,0
3560,0,1
3561,1,0
3562,1,0
3563,0,1
3564,0,0
3565,1,0
3566,1,1
3567,1,0
3568,0,1
3569,1,0
3570,1,0
3571,1,1
3572,1,1
3573,1,0
3574,1,1
3575,1,0
3576,1,1
3577,1,0
3578,1,1
3579,1,1
3580,0,0
3581,1,1
3582,0,1
3583,1,0
3584,1,0
3585,0,1
3586,0,1
3587,0,1
3588,1,0
3589,1,0
3590,1,1
3591,0,0
3592,0,1
3593,1,0
3594,1,1
3595,0,0
3596,0,1
3597,1,0
3598,1,1
3599,0,1
3600,1,1
3601,1,0
3602,0,0
3603,1,1
3604,0,1
3605,1,1
3606,0,1
3607,0,1
3608,0,0
3609,0,1
3610,0,1
3611,1,1
3612,1,0
3613,1,0
3614,1,0
3615,1,0
3616,0,1
3617,0,1
3618,1,0
3619,0,0
3620,0,1
3621,1,0
3622,1,0
3623,1,1
3624,0,1
3625,1,0
3626,1,1
3627,0,0
3628,1,1
3629,1,0
3630,1,0
3631,1,0
3632,0,1
3633,0,1
3634,1,0
3635,0,1
3636,0,0
3637,1,0
3638,1,1
3639,1,0
3640,0,0
3641,1,0
3642,1,0
3643,1,0
3644,1,1
3645,0,1
3646,1,1
3647,1,0
3648,1,0
3649,0,1
3650,1,0
3651,0,0
3652,0,1
3653,0,1
3654,0,1
3655,0,1
3656,0,1
3657,1,0
3658,0,1
3659,1,0
3660,1,0
3661,1,1
3662,1,0
3663,1,0
3664,0,1
3665,1,1
3666,1,0
3667,0,0
3668,0,1
3669,0,0
3670,0,1
3671,1,0
3672,0,1
3673,1,0
3674,0,1
3675,1,0
3676,1,0
3677,0,1
3678,0,0
3679,0,1
3680,1,0
3681,0,0
3682,0,0
3683,1,0
3684,1,1
3685,1,0
3686,0,1
3687,0,1
3688,1,0
3689,0,0
3690,1,0
3691,1,0
3692,0,0
3693,1,1
3694,1,0
3695,0,1
3696,1,1
3697,1,0
3698,1,1
3699,0,1
3700,0,1
3701,1,1
3702,0,1
3703,1,0
3704,1,1
3705,1,0
3706,0,0
3707,1,0
3708,0,1
3709,1,0
3710,1,0
3711,0,1
3712,0,1
3713,1,0
3714,0,0
3715,1,0
3716,0,1
3717,1,0
3718,0,0
3719,1,0
3720,1,0
3721,0,1
3722,1,0
3723,1,0
3724,0,1
3725,1,0
3726,1,0
3727,0,1
3728,1,0
3729,1,0
3730,0,1
3731,0,1
3732,0,1
3733,0,1
3734,0,1
3735,0,1
3736,0,0
3737,1,0
3738,0,1
3739,0,1
3740,1,0
3741,1,1
3742,0,1
3743,0,1
3744,0,1
3745,0,1
3746,0,1
3747,1,1
3748,1,0
3749,0,1
3750,0,1
3751,0,0
3752,1,1
3753,1,0
3754,1,0
3755,1,0
3756,0,0
3757,0,1
3758,1,0
3759,1,1
3760,1,0
3761,0,1
3762,1,0
3763,0,1
3764,0,1
3765,1,0
3766,1,0
3767,0,1
3768,0,0
3769,0,1
3770,0,1
3771,1,1
3772,0,1
3773,1,0
3774,0,0
3775,0,1
3776,0,0
3777,0,0
3778,1,0
3779,0,1
3780,0,1
3781,1,1
3782,1,0
3783,0,1
3784,1,0
3785,0,1
3786,0,1
3787,0,1
3788,1,0
3789,1,0
3790,1,0
3791,1,1
3792,1,0
3793,0,1
3794,1,0
3795,1,0
3796,1,0
3797,1,0
3798,0,1
3799,1,0
3800,1,0
3801,0,1
3802,0,1
3803,0,0
3804,0,1
3805,1,1
3806,0,1
3807,0,0
3808,1,1
3809,0,1
3810,0,1
3811,0,1
3812,1,1
3813,0,0
3814,1,1
3815,1,0
3816,1,0
3817,1,0
3818,0,1
3819,0,0
3820,1,0
3821,0,0
3822,0,1
3823,0,0
3824,1,1
3825,0,0
3826,1,1
3827,0,1
3828,1,1
3829,1,0
3830,1,0
3831,0,1
3832,1,0
3833,0,0
3834,1,0
3835,1,0
3836,1,0
3837,1,0
3838,0,1
3839,1,0
3840,0,0
3841,0,1
3842,0,1
3843,0,0
3844,1,0
3845,1,0
3846,1,0
3847,0,0
3848,1,0
3849,0,1
3850,1,1
3851,0,1
3852,1,1
3853,0,1
3854,1,1
3855,0,1
3856,0,1
3857,1,1
3858,0,1
3859,1,0
3860,0,1
3861,1,0
3862,0,1
3863,0,1
3864,0,1
3865,1,0
3866,0,0
3867,1,1
3868,0,1
3869,0,0
3870,1,0
3871,1,0
3872,0,1
3873,0,0
3874,0,1
3875,1,0
3876,0,1
3877,0,1
3878,0,1
3879,1,1
3880,1,0
3881,1,1
3882,1,0
3883,1,1
3884,1,0
3885,0,0
3886,0,1
3887,0,1
3888,0,0
3889,1,1
3890,0,1
3891,1,1
3892,1,0
3893,0,1
3894,0,0
3895,1,0
3896,1,0
3897,1,0
3898,0,1
3899,1,0
3900,1,0
3901,0,1
3902,0,1
3903,0,1
3904,0,1
3905,1,0
3906,0,1
3907,1,0
3908,0,0
3909,0,1
3910,1,0
3911,1,0
3912,0,1
3913,1,0
3914,1,0
3915,1,0
3916,0,1
3917,0,1
3918,1,0
3919,1,0
3920,1,0
3921,1,0
3922,0,1
3923,0,1
3924,1,1
3925,1,0
3926,1,1
3927,1,0
3928,0,0
3929,1,0
3930,0,0
3931,1,0
3932,1,1
3933,0,1
3934,1,0
3935,1,1
3936,0,1
3937,1,1
3938,1,1
3939,1,1
3940,1,0
3941,0,1
3942,1,1
3943,1,0
3944,1,0
3945,1,0
3946,1,0
3947,0,1
3948,0,1
3949,0,0
3950,0,1
3951,0,1
3952,1,1
3953,0,1
3954,1,0
3955,1,1
3956,1,0
3957,0,0
3958,1,1
3959,1,1
3960,1,0
3961,1,0
3962,0,0
3963,1,0
3964,1,0
3965,0,1
3966,0,1
3967,1,0
3968,1,0
3969,1,0
3970,0,1
3971,0,1
3972,0,1
3973,0,1
3974,1,1
3975,0,0
3976,1,0
3977,1,0
3978,1,0
3979,0,0
3980,1,1
3981,0,1
3982,1,1
3983,0,1
3984,1,0
3985,1,0
3986,1,1
3987,0,1
3988,1,0
3989,1,0
3990,1,0
3991,1,1
3992,1,0
3993,1,1
3994,1,0
3995,1,0
3996,0,1
3997,0,0
3998,0,1
3999,0,1
4000,1,0
4001,1,0
4002,1,1
4003,0,0
4004,1,1
4005,1,0
4006,0,1
4007,1,0
4008,0,0
4009,1,0
4010,0,1
4011,1,0
4012,0,1
4013,0,1
4014,1,0
4015,1,1
4016,0,1
4017,0,0
4018,0,1
4019,0,1
4020,0,0
4021,0,1
4022,0,1
4023,0,1
4024,1,1
4025,1,1
4026,0,0
4027,0,1
4028,0,0
4029,1,0
4030,0,1
4031,0,1
4032,0,1
4033,1,0
4034,0,1
4035,0,1
4036,0,1
4037,1,1
4038,1,0
4039,1,0
4040,1,0
4041,0,1
4042,0,1
4043,1,0
4044,0,0
4045,0,1
4046,1,0
4047,1,0
4048,0,1
4049,1,1
4050,0,1
4051,0,0
4052,0,1
4053,0,1
4054,0,1
4055,0,0
4056,0,0
4057,1,0
4058,1,0
4059,1,1
4060,0,0
4061,1,0
4062,1,0
4063,0,1
4064,0,1
4065,1,0
4066,1,0
4067,1,1
4068,0,0
4069,1,0
4070,1,1
4071,1,0
4072,1,0
4073,1,0
4074,1,1
4075,1,1
4076,1,0
4077,1,0
4078,1,0
4079,1,0
4080,0,1
4081,1,0
4082,0,1
4083,1,0
4084,1,1
4085,0,1
4086,0,1
4087,0,1
4088,1,0
4089,1,1
4090,1,0
4091,0,1
4092,0,1
4093,1,0
4094,1,0
4095,0,1
4096,0,1
4097,1,0
4098,1,1
4099,0,0
4100,1,1
4101,1,0
4102,0,0
4103,1,0
4104,0,0
4105,1,0
4106,0,0
4107,0,1
4108,0,0
4109,0,1
4110,0,1
4111,1,0
4112,1,0
4113,1,0
4114,1,0
4115,1,0
4116,0,0
4117,0,1
4118,1,0
4119,0,1
4120,0,1
4121,1,1
4122,1,0
4123,1,1
4124,0,1
4125,1,1
4126,1,0
4127,0,1
4128,1,1
4129,1,1
4130,1,0
4131,1,0
4132,0,1
4133,0,1
4134,1,1
4135,0,1
4136,0,1
4137,1,1
4138,1,0
4139,1,0
4140,0,1
4141,1,0
4142,1,0
4143,1,0
4144,1,1
4145,0,1
4146,1,0
4147,1,0
4148,1,0
4149,0,0
4150,1,0
4151,0,1
4152,0,1
4153,0,1
4154,0,1
4155,0,1
4156,0,0
4157,1,1
4158,0,1
4159,1,1
4160,1,0
4161,1,1
4162,1,0
4163,1,0
4164,0,1
4165,1,1
4166,1,0
4167,0,0
4168,0,1
4169,0,0
4170,0,1
4171,1,1
4172,0,1
4173,1,0
4174,0,1
4175,1,0
4176,1,1
4177,0,1
4178,0,1
4179,0,0
4180,1,0
4181,0,1
4182,0,1
4183,1,0
4184,1,0
4185,1,1
4186,0,1
4187,0,0
4188,1,0
4189,0,1
4190,1,0
4191,1,0
4192,0,1
4193,1,0
4194,1,0
4195,0,0
4196,1,0
4197,1,0
4198,1,0
4199,0,1
4200,0,1
4201,1,0
4202,0,1
4203,1,1
4204,1,1
4205,1,1
4206,0,1
4207,1,0
4208,0,1
4209,1,0
4210,1,0
4211,0,1
4212,0,1
4213,1,1
4214,0,0
4215,1,0
4216,0,0
4217,1,0
4218,0,1
4219,1,1
4220,1,1
4221,0,0
4222,1,0
4223,1,1
4224,0,1
4225,1,0
4226,1,0
4227,0,0
4228,1,0
4229,1,0
4230,0,1
4231,0,1
4232,0,1
4233,0,0
4234,0,0
4235,0,1
4236,0,1
4237,1,1
4238,0,1
4239,0,1
4240,1,0
4241,1,0
4242,0,0
4243,0,1
4244,0,1
4245,0,1
4246,0,0
4247,1,0
4248,1,0
4249,0,1
4250,0,0
4251,0,1
4252,1,1
4253,1,0
4254,1,1
4255,1,0
4256,0,0
4257,0,0
4258,1,1
4259,1,0
4260,1,0
4261,0,1
4262,1,1
4263,0,0
4264,0,1
4265,1,1
4266,1,1
4267,0,1
4268,0,1
4269,0,1
4270,0,1
4271,1,0
4272,0,1
4273,1,0
4274,0,0
4275,0,1
4276,0,1
4277,0,1
4278,1,0
4279,0,0
4280,0,1
4281,1,0
4282,1,0
4283,0,1
4284,1,0
4285,0,0
4286,0,1
4287,0,1
4288,1,0
4289,1,0
4290,1,1
4291,1,0
4292,1,0
4293,0,1
4294,1,1
4295,1,1
4296,1,0
4297,1,0
4298,0,0
4299,1,0
4300,1,0
4301,0,1
4302,0,1
4303,0,0
4304,0,1
4305,1,0
4306,0,1
4307,0,0
4308,1,1
4309,0,1
4310,0,0
4311,0,1
4312,1,0
4313,0,1
4314,1,1
4315,1,1
4316,1,1
4317,1,1
4318,0,1
4319,0,0
4320,1,1
4321,0,0
4322,0,1
4323,0,1
4324,1,0
4325,0,1
4326,1,0
4327,0,0
4328,1,1
4329,1,0
4330,1,0
4331,0,1
4332,1,0
4333,0,1
4334,1,1
4335,1,1
4336,1,0
4337,1,1
4338,0,0
4339,1,0
4340,0,0
4341,0,1
4342,0,1
4343,0,1
4344,1,0
4345,1,0
4346,1,0
4347,0,0
4348,1,0
4349,0,1
4350,1,0
4351,0,1
4352,1,0
4353,0,1
4354,1,0
4355,0,1
4356,0,1
4357,1,1
4358,0,1
4359,1,1
4360,0,1
4361,1,0
4362,0,1
4363,0,0
4364,0,1
4365,1,0
4366,0,1
4367,1,0
4368,0,1
4369,0,0
4370,1,0
4371,1,1
4372,0,1
4373,0,1
4374,0,0
4375,1,0
4376,0,1
4377,0,1
4378,0,1
4379,1,0
4380,1,0
4381,1,1
4382,1,0
4383,1,1
4384,1,1
4385,0,1
4386,0,1
4387,0,1
4388,0,1
4389,1,0
4390,0,0
4391,1,0
4392,1,0
4393,0,1
4394,0,1
4395,1,0
4396,1,0
4397,1,0
4398,0,0
4399,1,0
4400,1,0
4401,0,1
4402,0,1
4403,0,0
4404,0,0
4405,1,0
4406,0,1
4407,1,1
4408,0,1
4409,0,1
4410,1,0
4411,1,1
4412,0,0
4413,1,1
4414,1,0
4415,1,1
4416,0,1
4417,0,0
4418,1,0
4419,1,0
4420,1,1
4421,1,0
4422,0,1
4423,0,0
4424,1,0
4425,1,0
4426,1,1
4427,1,0
4428,0,1
4429,1,0
4430,0,1
4431,1,1
4432,1,0
4433,0,1
4434,1,1
4435,1,0
4436,0,1
4437,1,0
4438,1,0
4439,1,1
4440,1,1
4441,0,1
4442,1,0
4443,1,0
4444,1,0
4445,1,0
4446,1,0
4447,0,1
4448,0,1
4449,0,1
4450,0,1
4451,0,0
4452,1,0
4453,0,1
4454,1,0
4455,1,0
4456,1,0
4457,0,0
4458,1,1
4459,1,0
4460,1,0
4461,1,0
4462,0,1
4463,1,0
4464,1,0
4465,0,1
4466,0,0
4467,1,1
4468,1,0
4469,1,1
4470,0,1
4471,0,1
4472,0,1
4473,0,1
4474,1,0
4475,0,1
4476,1,0
4477,1,0
4478,1,0
4479,0,0
4480,1,0
4481,0,0
4482,1,1
4483,0,0
4484,1,0
4485,1,0
4486,1,0
4487,0,0
4488,1,1
4489,1,0
4490,1,0
4491,1,0
4492,1,0
4493,1,0
4494,1,0
4495,1,0
4496,0,1
4497,0,1
4498,0,1
4499,0,1
4500,1,1
4501,1,1
4502,1,1
4503,0,1
4504,1,0
4505,1,0
4506,0,1
4507,1,0
4508,0,1
4509,1,1
4510,0,1
4511,1,1
4512,0,0
4513,0,1
4514,1,0
4515,1,0
4516,0,1
4517,0,0
4518,0,1
4519,0,1
4520,0,1
4521,0,1
4522,0,0
4523,0,1
4524,1,0
4525,1,1
4526,0,1
4527,0,0
4528,0,0
4529,1,0
4530,0,1
4531,0,1
4532,0,0
4533,1,0
4534,0,1
4535,0,1
4536,0,1
4537,1,1
4538,1,1
4539,1,0
4540,1,0
4541,0,1
4542,0,0
4543,1,0
4544,0,1
4545,0,1
4546,1,1
4547,1,0
4548,0,1
4549,1,1
4550,0,1
4551,0,1
4552,0,1
4553,0,1
4554,0,1
4555,0,1
4556,0,1
4557,1,0
4558,1,1
4559,1,0
4560,0,1
4561,1,0
4562,1,0
4563,0,0
4564,0,0
4565,1,0
4566,1,0
4567,1,1
4568,0,0
4569,1,0
4570,1,0
4571,1,0
4572,1,0
4573,1,0
4574,1,0
4575,1,0
4576,1,0
4577,1,1
4578,1,0
4579,1,0
4580,0,0
4581,1,0
4582,0,0
4583,1,1
4584,1,1
4585,0,1
4586,0,1
4587,0,1
4588,1,1
4589,1,1
4590,1,0
4591,0,0
4592,0,1
4593,1,1
4594,1,1
4595,0,1
4596,0,1
4597,1,1
4598,1,0
4599,0,0
4600,1,0
4601,1,0
4602,0,0
4603,1,1
4604,0,1
4605,1,0
4606,0,0
4607,0,1
4608,0,1
4609,0,0
4610,0,1
4611,1,0
4612,1,0
4613,1,0
4614,1,0
4615,1,1
4616,0,1
4617,0,1
4618,1,0
4619,0,1
4620,0,0
4621,1,1
4622,1,1
4623,1,1
4624,0,1
4625,1,0
4626,1,0
4627,0,1
4628,1,0
4629,1,1
4630,1,1
4631,1,0
4632,0,1
4633,0,1
4634,1,0
4635,0,1
4636,0,1
4637,1,0
4638,1,1
4639,1,0
4640,0,1
4641,1,0
4642,1,1
4643,1,1
4644,1,0
4645,0,1
4646,1,0
4647,1,1
4648,1,1
4649,0,0
4650,1,1
4651,0,1
4652,0,1
4653,0,1
4654,0,1
4655,0,1
4656,0,1
4657,1,0
4658,0,1
4659,1,0
4660,1,0
4661,1,0
4662,1,0
4663,1,1
4664,0,1
4665,1,0
4666,1,0
4667,0,1
4668,0,1
4669,0,0
4670,0,1
4671,1,1
4672,0,1
4673,1,0
4674,0,1
4675,1,0
4676,1,1
4677,0,1
4678,0,0
4679,0,1
4680,1,1
4681,0,1
4682,0,0
4683,1,0
4684,1,1
4685,1,1
4686,0,1
4687,0,1
4688,1,1
4689,0,1
4690,1,0
4691,1,1
4692,0,1
4693,1,0
4694,1,1
4695,0,0
4696,1,1
4697,1,1
4698,1,1
4699,0,1
4700,0,0
4701,1,0
4702,0,1
4703,1,1
4704,1,0
4705,1,0
4706,0,1
4707,1,0
4708,0,0
4709,1,1
4710,1,1
4711,0,1
4712,0,1
4713,1,0
4714,0,0
4715,1,0
4716,0,1
4717,1,0
4718,0,1
4719,1,0
4720,1,0
4721,0,1
4722,1,0
4723,1,0
4724,0,1
4725,1,0
4726,1,0
4727,0,1
4728,1,0
4729,1,0
4730,0,0
4731,0,1
4732,0,0
4733,0,0
4734,0,0
4735,0,1
4736,0,1
4737,1,1
4738,0,1
4739,0,1
4740,1,0
4741,1,0
4742,0,1
4743,0,0
4744,0,1
4745,0,1
4746,0,1
4747,1,0
4748,1,0
4749,0,1
4750,0,1
4751,0,1
4752,1,0
4753,1,1
4754,1,0
4755,1,1
4756,0,1
4757,0,1
4758,1,0
4759,1,1
4760,1,0
4761,0,1
4762,1,0
4763,0,1
4764,0,1
4765,1,0
4766,1,0
4767,0,0
4768,0,1
4769,0,0
4770,0,0
4771,1,1
4772,0,0
4773,1,1
4774,0,1
4775,0,0
4776,0,1
4777,0,1
4778,1,1
4779,0,1
4780,0,1
4781,1,0
4782,1,0
4783,0,0
4784,1,0
4785,0,0
4786,0,1
4787,0,0
4788,1,1
4789,1,0
4790,1,0
4791,1,0
4792,1,0
4793,0,1
4794,1,1
4795,1,0
4796,1,0
4797,1,0
4798,0,1
4799,1,0
4800,1,0
4801,0,0
4802,0,1
4803,0,1
4804,0,0
4805,1,1
4806,0,0
4807,0,0
4808,1,0
4809,0,0
4810,0,0
4811,0,1
4812,1,0
4813,0,1
4814,1,0
4815,1,0
4816,1,0
4817,1,1
4818,0,1
4819,0,1
4820,1,0
4821,0,1
4822,0,0
4823,0,1
4824,1,1
4825,0,1
4826,1,0
4827,0,1
4828,1,0
4829,1,0
4830,1,0
4831,0,1
4832,1,0
4833,0,0
4834,1,0
4835,1,1
4836,1,0
4837,1,0
4838,0,1
4839,1,1
4840,0,0
4841,0,1
4842,0,0
4843,0,1
4844,1,0
4845,1,0
4846,1,0
4847,0,1
4848,1,0
4849,0,1
4850,1,0
4851,0,1
4852,1,0
4853,0,1
4854,1,0
4855,0,1
4856,0,1
4857,1,1
4858,0,0
4859,1,0
4860,0,0
4861,1,0
4862,0,0
4863,0,1
4864,0,0
4865,1,1
4866,0,1
4867,1,0
4868,0,0
4869,0,1
4870,1,0
4871,1,0
4872,0,0
4873,0,1
4874,0,1
4875,1,1
4876,0,1
4877,0,0
4878,0,1
4879,1,1
4880,1,0
4881,1,0
4882,1,0
4883,1,0
4884,1,0
4885,0,1
4886,0,1
4887,0,0
4888,0,1
4889,1,1
4890,0,1
4891,1,1
4892,1,1
4893,0,0
4894,0,1
4895,1,0
4896,1,0
4897,1,1
4898,0,1
4899,1,0
4900,1,0
4901,0,1
4902,0,0
4903,0,1
4904,0,1
4905,1,0
4906,0,1
4907,1,0
4908,0,1
4909,0,0
4910,1,0
4911,1,0
4912,0,1
4913,1,1
4914,1,0
4915,1,0
4916,0,0
4917,0,1
4918,1,0
4919,1,0
4920,1,0
4921,1,0
4922,0,1
4923,0,1
4924,1,0
4925,1,0
4926,1,0
4927,1,1
4928,0,1
4929,1,0
4930,0,0
4931,1,1
4932,1,0
4933,0,1
4934,1,0
4935,1,0
4936,0,1
4937,1,1
4938,1,1
4939,1,0
4940,1,0
4941,0,1
4942,1,0
4943,1,0
4944,1,0
4945,1,0
4946,1,1
4947,0,1
4948,0,1
4949,0,1
4950,0,1
4951,0,0
4952,1,0
4953,0,0
4954,1,1
4955,1,0
4956,1,0
4957,0,1
4958,1,0
4959,1,0
4960,1,1
4961,1,0
4962,0,0
4963,1,0
4964,1,1
4965,0,0
4966,0,1
4967,1,1
4968,1,1
4969,1,0
4970,0,1
4971,0,1
4972,0,1
4973,0,1
4974,1,1
4975,0,0
4976,1,0
4977,1,1
4978,1,0
4979,0,1
4980,1,0
4981,0,1
4982,1,1
4983,0,0
4984,1,1
4985,1,0
4986,1,0
4987,0,1
4988,1,1
4989,1,0
4990,1,0
4991,1,0
4992,1,0
4993,1,0
4994,1,0
4995,1,1
4996,0,0
4997,0,1
4998,0,0
4999,0,1
5000,1,0
